decided_at,symbol,horizon,direction,up2_date,verdict,fresh,price,currency,rsi,fair_value,discount,valuation_known,valuation_pass,earnings_growth,earnings_growth_known,earnings_growth_pass,earnings_state,earnings_sessions,margin,leverage,r1_score,r1_band,r1_growth,r1_conservative_growth,r1_implied_growth,r1_headroom,r1_sticker,r1_mos,r1_to_sticker,r1_big_four,conviction,conviction_band,conviction_coverage,conviction_weights,schema,extra
2026-08-19T14:33:51,PONY,1h,buy,2026-08-18T15:30,strong,0,7.685,USD,37.01953231481886,9.93,0.2921275211450879,1,1,19.877675840978586,1,1,clear,,0.1,10,,,,,,,,,,,,,,,1,
2026-08-19T14:33:51,XYL,1h,buy,2026-08-19T14:02,strong,1,115.3194,USD,38.73574305470475,129.0,0.11863225094823593,1,1,9.421947289078346,1,1,clear,,0.1,10,,,,,,,,,,,,,,,1,
2026-08-19T14:33:51,AD,1h,buy,2026-08-19T14:21,strong,1,31.65,EUR,41.0686202447104,39.0,0.23222748815165883,1,1,24.307479224376735,1,1,clear,,0.1,10,,,,,,,,,,,,,,,1,
2026-08-19T14:33:51,HEIA,1h,buy,2026-08-17T15:00,strong,0,71.68,EUR,42.41168969712238,86.0,0.1997767857142856,1,1,26.557224717360995,1,1,clear,,0.1,10,,,,,,,,,,,,,,,1,
2026-08-19T14:33:51,HEIA,1h,buy,2026-08-18T12:00,strong,0,71.68,EUR,42.41168969712238,86.0,0.1997767857142856,1,1,26.557224717360995,1,1,clear,,0.1,10,,,,,,,,,,,,,,,1,
2026-08-19T14:33:51,GRAB,1h,buy,2026-08-18T17:30,strong,0,3.525,USD,43.91112368554,5.6,0.5886524822695035,1,1,422.64150943396237,1,1,clear,,0.1,10,,,,,,,,,,,,,,,1,
2026-08-19T14:33:51,GRAB,1h,buy,2026-08-19T14:02,strong,1,3.525,USD,43.91112368554,5.6,0.5886524822695035,1,1,422.64150943396237,1,1,clear,,0.1,10,,,,,,,,,,,,,,,1,
2026-08-19T14:33:51,MSFT,1h,buy,2026-08-17T18:30,strong,0,484.33,USD,44.550731696562906,600.0,0.23882476823653298,1,1,31.54908515130189,1,1,clear,,0.1,10,,,,,,,,,,,,,,,1,
2026-08-19T14:33:51,WHR,1h,buy,2026-08-19T13:50,strong,1,40.845,USD,51.608456963691594,66.05,0.6170889949810258,1,1,,0,0,clear,,0.1,10,,,,,,,,,,,,,,,1,
2026-08-19T14:33:51,DECK,1h,buy,2026-08-18T13:30,strong,0,92.0,USD,51.775323939243904,130.0,0.41304347826086957,1,1,8.21585429527934,1,1,clear,,0.1,10,,,,,,,,,,,,,,,1,
2026-08-19T14:33:51,AKZA,1h,buy,2026-08-19T13:50,signal,1,60.62,EUR,44.56893021803668,60.0,-0.010227647641042519,1,0,53.0509245852811,1,1,clear,,0.1,10,,,,,,,,,,,,,,,1,
2026-08-19T14:33:51,QCOM,1h,buy,2026-08-18T15:30,signal,0,160.77,USD,47.30903667217321,170.0,0.057411208558810656,1,0,-16.66602368735774,1,0,clear,,0.1,10,,,,,,,,,,,,,,,1,
2026-08-19T14:33:51,ITW,1h,buy,2026-08-19T13:30,signal,1,288.149,USD,49.96906424573022,249.0,-0.13586373716375902,1,0,-3.183629056318995,1,0,clear,,0.1,10,,,,,,,,,,,,,,,1,
2026-08-19T14:33:51,LULU,1h,buy,2026-08-17T18:30,signal,0,120.4,USD,53.9912274628146,280.0,1.3255813953488371,1,1,-15.491910113893034,1,0,clear,,0.1,10,,,,,,,,,,,,,,,1,
2026-08-19T14:33:51,DSFIR,1h,buy,2026-08-18T15:00,signal,0,88.54,EUR,54.09676578952957,103.0,0.16331601536028906,1,1,-301.20473077205617,1,0,clear,,0.1,10,,,,,,,,,,,,,,,1,
2026-08-19T14:33:51,SHW,1h,buy,2026-08-17T19:30,signal,0,355.98,USD,54.886667834940404,340.0,-0.044890162368672444,1,0,7.709876665806048,1,1,clear,,0.1,10,,,,,,,,,,,,,,,1,
2026-08-19T14:33:51,SHW,1h,buy,2026-08-18T14:30,signal,0,355.98,USD,54.886667834940404,340.0,-0.044890162368672444,1,0,7.709876665806048,1,1,clear,,0.1,10,,,,,,,,,,,,,,,1,
2026-08-19T14:33:51,SHW,1h,buy,2026-08-18T15:30,signal,0,355.98,USD,54.886667834940404,340.0,-0.044890162368672444,1,0,7.709876665806048,1,1,clear,,0.1,10,,,,,,,,,,,,,,,1,
2026-08-19T14:33:51,SHW,1h,buy,2026-08-19T13:50,signal,1,355.98,USD,54.886667834940404,340.0,-0.044890162368672444,1,0,7.709876665806048,1,1,clear,,0.1,10,,,,,,,,,,,,,,,1,
2026-08-19T14:33:51,UPS,1h,buy,2026-08-18T13:30,signal,0,103.77,USD,55.81825019092045,109.0,0.05039992290642772,1,0,-20.137071836346333,1,0,clear,,0.1,10,,,,,,,,,,,,,,,1,
2026-08-19T14:33:51,UPS,1h,buy,2026-08-18T14:36,signal,0,103.77,USD,55.81825019092045,109.0,0.05039992290642772,1,0,-20.137071836346333,1,0,clear,,0.1,10,,,,,,,,,,,,,,,1,
2026-08-19T14:33:51,UPS,1h,buy,2026-08-18T17:30,signal,0,103.77,USD,55.81825019092045,109.0,0.05039992290642772,1,0,-20.137071836346333,1,0,clear,,0.1,10,,,,,,,,,,,,,,,1,
2026-08-19T14:33:51,PRX,1h,buy,2026-08-18T08:00,signal,0,37.7,EUR,59.14491873577273,72.0,0.9098143236074269,1,1,-5.198643108364039,1,0,clear,,0.1,10,,,,,,,,,,,,,,,1,
2026-08-19T14:33:51,BKNG,1h,buy,2026-08-18T13:30,signal,0,214.9,USD,60.75431318961602,217.0,0.009771986970684012,1,0,57.21166385561022,1,1,clear,,0.1,10,,,,,,,,,,,,,,,1,
2026-08-19T14:33:51,NVO,1h,buy,2026-08-17T19:30,signal,0,47.0639,USD,66.91509957614858,44.0,-0.06510085224556394,1,0,12.752824469550845,1,1,clear,,0.1,10,,,,,,,,,,,,,,,1,
2026-08-19T14:33:51,WDC,1h,sell,2026-08-18T13:30,sell_strong,0,468.1,USD,34.71532283983859,420.0,-0.1027558214056826,1,1,,0,0,clear,,0.1,10,,,,,,,,,,,,,,,1,
2026-08-19T14:33:51,GLW,1h,sell,2026-08-17T18:30,sell,0,151.87,USD,29.100899266264364,155.0,0.02060973200763808,1,0,130.83112758073054,1,0,clear,,0.1,10,,,,,,,,,,,,,,,1,
2026-08-19T14:33:51,KPN,1h,sell,2026-08-18T11:00,sell,0,4.073,EUR,54.313135817990585,3.7,-0.09157868892708082,1,1,8.599624060150383,1,0,clear,,0.1,10,,,,,,,,,,,,,,,1,
2026-08-19T14:33:51,CME,1h,sell,2026-08-18T16:30,sell,0,271.155,USD,57.48015395945379,285.0,0.05105935719422481,1,0,14.121324739175051,1,0,clear,,0.1,10,,,,,,,,,,,,,,,1,
2026-08-19T14:33:51,MPC,1h,sell,2026-08-19T13:30,sell,1,362.59,USD,62.65694196184497,186.0,-0.48702391130477946,1,1,330.27183171616923,1,0,clear,,0.1,10,,,,,,,,,,,,,,,1,
2026-08-19T14:33:51,SCHW,1h,sell,2026-08-18T16:30,sell,0,111.945,USD,64.92339337385218,124.0,0.10768681048729294,1,0,,0,0,clear,,0.1,10,,,,,,,,,,,,,,,1,
2026-08-19T14:33:52,AD,4h,buy,2026-08-18T11:00,strong,0,31.65,EUR,30.737458542862285,39.0,0.23222748815165883,1,1,24.307479224376735,1,1,clear,,0.2,5,,,,,,,,,,,,,,,1,
2026-08-19T14:33:52,AD,4h,buy,2026-08-18T15:00,strong,0,31.65,EUR,30.737458542862285,39.0,0.23222748815165883,1,1,24.307479224376735,1,1,clear,,0.2,5,,,,,,,,,,,,,,,1,
2026-08-19T14:33:52,AD,4h,buy,2026-08-19T14:33,strong,1,31.65,EUR,30.737458542862285,39.0,0.23222748815165883,1,1,24.307479224376735,1,1,clear,,0.2,5,,,,,,,,,,,,,,,1,
2026-08-19T14:33:52,APP,4h,buy,2026-08-17T17:30,strong,0,310.6,USD,31.591107680215643,470.0,0.5132002575660012,1,1,93.2791585577823,1,1,clear,,0.2,5,,,,,,,,,,,,,,,1,
2026-08-19T14:33:52,APP,4h,buy,2026-08-19T13:30,strong,1,310.6,USD,31.591107680215643,470.0,0.5132002575660012,1,1,93.2791585577823,1,1,clear,,0.2,5,,,,,,,,,,,,,,,1,
2026-08-19T14:33:52,ABEV,4h,buy,2026-08-19T13:50,strong,1,2.835,USD,38.88440168927968,3.6,0.2698412698412699,1,1,20.04904966278357,1,1,clear,,0.2,5,,,,,,,,,,,,,,,1,
2026-08-19T14:33:52,DECK,4h,buy,2026-08-18T13:30,strong,0,92.0,USD,40.9217766134195,130.0,0.41304347826086957,1,1,8.21585429527934,1,1,clear,,0.2,5,,,,,,,,,,,,,,,1,
2026-08-19T14:33:52,PRX,4h,buy,2026-08-17T07:00,signal,0,37.7,EUR,38.6259315690072,72.0,0.9098143236074269,1,1,-5.198643108364039,1,0,clear,,0.2,5,,,,,,,,,,,,,,,1,
2026-08-19T14:33:52,PRX,4h,buy,2026-08-19T13:50,signal,1,37.7,EUR,38.6259315690072,72.0,0.9098143236074269,1,1,-5.198643108364039,1,0,clear,,0.2,5,,,,,,,,,,,,,,,1,
2026-08-19T14:33:52,DSFIR,4h,buy,2026-08-18T15:00,signal,0,88.54,EUR,40.4778257346697,103.0,0.16331601536028906,1,0,-301.20473077205617,1,0,clear,,0.2,5,,,,,,,,,,,,,,,1,
2026-08-19T14:33:52,ITUB,4h,buy,2026-08-17T17:30,signal,0,7.48,USD,40.6604151612659,7.7,0.029411764705882318,1,0,12.95451199764463,1,1,clear,,0.2,5,,,,,,,,,,,,,,,1,
2026-08-19T14:33:52,ITUB,4h,buy,2026-08-19T13:50,signal,1,7.48,USD,40.6604151612659,7.7,0.029411764705882318,1,0,12.95451199764463,1,1,clear,,0.2,5,,,,,,,,,,,,,,,1,
2026-08-19T14:33:52,BESI,4h,sell,2026-08-14T15:00,sell,0,212.6,EUR,33.70800418019354,265.0,0.24647224835371592,1,0,25.033679753656674,1,0,clear,,0.2,5,,,,,,,,,,,,,,,1,
2026-08-19T14:33:52,BESI,4h,sell,2026-08-17T11:00,sell,0,212.6,EUR,33.70800418019354,265.0,0.24647224835371592,1,0,25.033679753656674,1,0,clear,,0.2,5,,,,,,,,,,,,,,,1,
2026-08-19T14:33:52,FLOW,4h,sell,2026-08-18T11:00,sell,0,27.6,EUR,55.56060722346275,29.79,0.07934782608695644,1,0,-28.783664931422187,1,1,clear,,0.2,5,,,,,,,,,,,,,,,1,
2026-08-19T14:33:52,KKR,4h,sell,2026-08-17T13:30,sell,0,110.66,USD,57.79101024585434,105.0,-0.05114765949756007,1,0,50.4364089775561,1,0,clear,,0.2,5,,,,,,,,,,,,,,,1,
2026-08-19T14:33:52,PATH,4h,sell,2026-08-14T17:30,sell,0,15.725,USD,62.01278168722177,15.19,-0.03402225755166933,1,0,,0,0,clear,,0.2,5,,,,,,,,,,,,,,,1,
2026-08-19T14:33:52,BKNG,4h,sell,2026-08-14T17:30,sell,0,214.9,USD,62.31782340543133,217.0,0.009771986970684012,1,0,57.21166385561022,1,0,clear,,0.2,5,,,,,,,,,,,,,,,1,
2026-08-19T14:33:52,PLTR,4h,sell,2026-08-14T17:30,sell,0,172.003,USD,63.16659549883561,153.0,-0.11048063115178217,1,0,288.8667331339315,1,0,clear,,0.2,5,,,,,,,,,,,,,,,1,
2026-08-19T14:33:52,ADYEN,4h,sell,2026-08-14T21:31,sell,0,1049.4,EUR,63.70160546423591,1620.0,0.543739279588336,1,0,12.181708674552155,1,0,clear,,0.2,5,,,,,,,,,,,,,,,1,
2026-08-19T14:33:52,NOC,4h,sell,2026-08-17T13:30,sell,0,588.94,USD,64.22261327604497,630.0,0.06971847726423734,1,0,15.966068289956544,1,0,clear,,0.2,5,,,,,,,,,,,,,,,1,
2026-08-19T14:33:52,OGN,4h,sell,2026-08-17T17:30,sell,0,13.715,USD,68.24411560611496,12.73,-0.07181917608457888,1,0,-71.00512591932248,1,1,clear,,0.2,5,,,,,,,,,,,,,,,1,
2026-08-19T14:33:52,APP,1d,buy,2026-08-14,strong,0,310.6,USD,30.469603820742364,470.0,0.5132002575660012,1,1,93.2791585577823,1,1,clear,,0.3,2,,,,,,,,,,,,,,,1,
2026-08-19T14:33:52,APP,1d,buy,2026-08-19,strong,1,310.6,USD,30.469603820742364,470.0,0.5132002575660012,1,1,93.2791585577823,1,1,clear,,0.3,2,,,,,,,,,,,,,,,1,
2026-08-19T14:33:52,ITUB,1d,buy,2026-08-19,signal,1,7.48,USD,36.97360618556673,7.7,0.029411764705882318,1,0,12.95451199764463,1,1,clear,,0.3,2,,,,,,,,,,,,,,,1,
2026-08-19T14:33:52,MMM,1d,sell,2026-08-06,sell_strong,0,182.645,USD,64.30396484641867,120.0,-0.3429877631470887,1,1,-21.668984700973585,1,1,clear,,0.3,2,,,,,,,,,,,,,,,1,
2026-08-19T14:33:52,NN,1d,sell,2026-08-05,sell,0,76.98,EUR,37.973978663261896,80.0,0.03923096908287862,1,0,-25.25093203326642,1,1,clear,,0.3,2,,,,,,,,,,,,,,,1,
2026-08-19T14:33:52,NN,1d,sell,2026-08-07,sell,0,76.98,EUR,37.973978663261896,80.0,0.03923096908287862,1,0,-25.25093203326642,1,1,clear,,0.3,2,,,,,,,,,,,,,,,1,
2026-08-19T14:33:52,PANW,1d,sell,2026-08-14,sell,0,353.315,USD,49.68962274893031,285.0,-0.19335437216081966,1,0,,0,0,clear,,0.3,2,,,,,,,,,,,,,,,1,
2026-08-19T14:33:52,DSFIR,1d,sell,2026-08-10,sell,0,88.54,EUR,51.4177199276003,103.0,0.16331601536028906,1,0,-301.20473077205617,1,1,clear,,0.3,2,,,,,,,,,,,,,,,1,
2026-08-19T14:33:52,DSFIR,1d,sell,2026-08-11,sell,0,88.54,EUR,51.4177199276003,103.0,0.16331601536028906,1,0,-301.20473077205617,1,1,clear,,0.3,2,,,,,,,,,,,,,,,1,
2026-08-19T14:33:52,NUE,1d,sell,2026-08-07,sell,0,260.87,USD,51.61135582310358,206.89,-0.20692298846168597,1,0,126.26010976314268,1,0,clear,,0.3,2,,,,,,,,,,,,,,,1,
2026-08-19T14:33:52,NUE,1d,sell,2026-08-11,sell,0,260.87,USD,51.61135582310358,206.89,-0.20692298846168597,1,0,126.26010976314268,1,0,clear,,0.3,2,,,,,,,,,,,,,,,1,
2026-08-19T14:33:52,PH,1d,sell,2026-08-13,sell,0,1026.0,USD,54.33781412601353,680.0,-0.33723196881091616,1,1,5.031555509680472,1,0,clear,,0.3,2,,,,,,,,,,,,,,,1,
2026-08-19T14:33:52,EPAM,1d,sell,2026-08-05,sell,0,105.14,USD,59.233984140849806,136.0,0.2935134106905079,1,0,,0,0,clear,,0.3,2,,,,,,,,,,,,,,,1,
2026-08-19T14:33:52,SHOP,1d,sell,2026-08-14,sell,0,147.94,USD,59.80781341152327,145.0,-0.01987292145464376,1,0,,0,0,clear,,0.3,2,,,,,,,,,,,,,,,1,
2026-08-19T14:33:52,LMT,1d,sell,2026-08-11,sell,0,604.65,USD,62.35149570435202,650.0,0.07500206731166795,1,0,52.76697088614012,1,0,clear,,0.3,2,,,,,,,,,,,,,,,1,
2026-08-19T14:33:52,PATH,1d,sell,2026-08-13,sell,0,15.725,USD,65.83256969726585,15.19,-0.03402225755166933,1,0,,0,0,clear,,0.3,2,,,,,,,,,,,,,,,1,
2026-08-19T14:33:52,PATH,1d,sell,2026-08-14,sell,0,15.725,USD,65.83256969726585,15.19,-0.03402225755166933,1,0,,0,0,clear,,0.3,2,,,,,,,,,,,,,,,1,
2026-08-19T14:33:52,PLTR,1d,sell,2026-08-12,sell,0,172.003,USD,65.99061871714053,153.0,-0.11048063115178217,1,0,288.8667331339315,1,0,clear,,0.3,2,,,,,,,,,,,,,,,1,
2026-08-19T14:33:52,PLTR,1d,sell,2026-08-14,sell,0,172.003,USD,65.99061871714053,153.0,-0.11048063115178217,1,0,288.8667331339315,1,0,clear,,0.3,2,,,,,,,,,,,,,,,1,
2026-08-19T14:33:52,RAND,1d,sell,2026-08-07,sell,0,39.54,EUR,66.41390299984697,31.5,-0.20333839150227617,1,0,325.2213448193348,1,0,clear,,0.3,2,,,,,,,,,,,,,,,1,
2026-08-19T14:33:52,RAND,1d,sell,2026-08-12,sell,0,39.54,EUR,66.41390299984697,31.5,-0.20333839150227617,1,0,325.2213448193348,1,0,clear,,0.3,2,,,,,,,,,,,,,,,1,
2026-08-19T14:33:52,BKNG,1d,sell,2026-08-14,sell,0,214.9,USD,66.48408493090753,217.0,0.009771986970684012,1,0,57.21166385561022,1,0,clear,,0.3,2,,,,,,,,,,,,,,,1,
2026-08-19T14:33:52,ACN,1d,sell,2026-08-13,sell,0,183.0,USD,66.51103936903102,223.0,0.2185792349726776,1,0,-0.3414327441164492,1,1,clear,,0.3,2,,,,,,,,,,,,,,,1,
2026-08-19T14:33:52,DXCM,1d,sell,2026-08-14,sell,0,91.69,USD,68.83753236802129,79.0,-0.13840113425673461,1,0,77.35928311397369,1,0,clear,,0.3,2,,,,,,,,,,,,,,,1,
2026-08-19T14:33:52,RTX,1d,sell,2026-08-13,sell,0,224.765,USD,69.3135013740166,214.0,-0.04789446755500183,1,0,24.774794568704138,1,0,clear,,0.3,2,,,,,,,,,,,,,,,1,
2026-08-19T14:33:52,RTX,1d,sell,2026-08-18,sell,1,224.765,USD,69.3135013740166,214.0,-0.04789446755500183,1,0,24.774794568704138,1,0,clear,,0.3,2,,,,,,,,,,,,,,,1,
2026-08-19T14:33:52,RTX,1d,sell,2026-08-19,sell,1,224.765,USD,69.3135013740166,214.0,-0.04789446755500183,1,0,24.774794568704138,1,0,clear,,0.3,2,,,,,,,,,,,,,,,1,
2026-08-19T14:33:52,ROST,1d,sell,2026-08-11,suspended,0,237.08,USD,43.71770565660088,176.0,-0.2576345537371352,1,1,13.472182686529393,1,0,before,1,0.3,2,,,,,,,,,,,,,,,1,
2026-08-19T14:33:52,AGN,1d,sell,2026-08-11,suspended,0,8.024,EUR,46.749841979864485,8.0,-0.0029910269192421654,1,0,45.087638376383765,1,0,before,1,0.3,2,,,,,,,,,,,,,,,1,
2026-08-19T14:33:53,ALNY,1w,buy,2026-08-10,signal,1,238.535,USD,36.24776315617606,299.0,0.2534848135493743,1,0,,0,0,clear,,0.5,1,,,,,,,,,,,,,,,1,
2026-08-19T14:33:53,PLNT,1w,buy,2026-08-13,signal,1,53.915,USD,38.109983674194,71.76,0.33098395622739507,1,0,31.599392748705128,1,1,clear,,0.5,1,,,,,,,,,,,,,,,1,
2026-08-19T14:33:53,LCID,1w,buy,2026-06-22,signal,0,5.745,USD,38.914883086694225,9.31,0.6205395996518712,1,1,-18.661776436721798,1,0,clear,,0.5,1,,,,,,,,,,,,,,,1,
2026-08-19T14:33:53,FISV,1w,buy,2026-06-22,signal,0,52.6,USD,39.746525621047034,106.0,1.015209125475285,1,1,-12.858957643833776,1,0,clear,,0.5,1,,,,,,,,,,,,,,,1,
2026-08-19T14:33:53,XIAOMI,1w,buy,2026-07-05,signal,0,27.44,HKD,44.01373280052432,33.0,0.20262390670553931,1,0,-11.205334023821855,1,0,clear,,0.5,1,,,,,,,,,,,,,,,1,
2026-08-19T14:33:53,EPAM,1w,buy,2026-06-29,signal,0,105.14,USD,45.57843747380276,136.0,0.2935134106905079,1,0,5.272989120360476,1,1,clear,,0.5,1,,,,,,,,,,,,,,,1,
2026-08-19T14:33:53,ACN,1w,buy,2026-06-29,signal,0,183.0,USD,50.88834319020809,223.0,0.2185792349726776,1,0,-0.3414327441164492,1,0,clear,,0.5,1,,,,,,,,,,,,,,,1,
2026-08-19T14:33:53,ADBE,1w,buy,2026-06-22,signal,0,271.265,USD,55.48623450706215,380.0,0.4008441929478555,1,0,11.805369041681042,1,1,clear,,0.5,1,,,,,,,,,,,,,,,1,
2026-08-19T14:33:53,MDT,1w,buy,2026-06-01,signal,0,94.21,USD,63.756029775347194,112.0,0.18883345717015187,1,0,3.002073255010367,1,1,clear,,0.5,1,,,,,,,,,,,,,,,1,
2026-08-19T14:33:53,QCOM,1w,sell,2026-06-01,sell,0,160.77,USD,46.05951343576987,170.0,0.057411208558810656,1,0,-16.66602368735774,1,1,clear,,0.5,1,,,,,,,,,,,,,,,1,
2026-08-19T14:33:53,CMI,1w,sell,2026-06-22,sell,0,604.57,USD,46.99002036418351,530.0,-0.1233438642340838,1,0,-7.964331234156232,1,1,clear,,0.5,1,,,,,,,,,,,,,,,1,
2026-08-19T14:33:53,GLW,1w,sell,2026-05-25,sell,0,151.87,USD,48.299369938458796,155.0,0.02060973200763808,1,0,130.83112758073054,1,0,clear,,0.5,1,,,,,,,,,,,,,,,1,
2026-08-19T14:33:53,GLW,1w,sell,2026-06-29,sell,0,151.87,USD,48.299369938458796,155.0,0.02060973200763808,1,0,130.83112758073054,1,0,clear,,0.5,1,,,,,,,,,,,,,,,1,
2026-08-19T14:33:53,KLAC,1w,sell,2026-06-29,sell,0,186.15,USD,48.91038507890491,175.0,-0.059897931775449935,1,0,,0,0,clear,,0.5,1,,,,,,,,,,,,,,,1,
2026-08-19T14:33:53,ASM,1w,sell,2026-06-21,sell,0,818.8,EUR,49.68291379703398,950.0,0.16023448949682467,1,0,104.67438400134759,1,0,clear,,0.5,1,,,,,,,,,,,,,,,1,
2026-08-19T14:33:53,INTC,1w,sell,2026-06-29,sell,0,92.025,USD,51.069057510538435,105.0,0.14099429502852479,1,0,55.48626858150668,1,0,clear,,0.5,1,,,,,,,,,,,,,,,1,
2026-08-19T14:33:53,TXN,1w,sell,2026-06-22,sell,0,268.475,USD,51.281159616519986,325.0,0.21054101871682643,1,0,20.161231354197135,1,0,clear,,0.5,1,,,,,,,,,,,,,,,1,
2026-08-19T14:33:53,MAR,1w,sell,2026-06-15,sell,0,364.89,USD,53.359245279087624,286.0,-0.21620214311162264,1,0,8.838426568298985,1,0,clear,,0.5,1,,,,,,,,,,,,,,,1,
2026-08-19T14:33:53,CVS,1w,sell,2026-06-15,sell,0,95.55,USD,53.36431249048154,110.0,0.15122972265829412,1,0,5.683276602868143,1,0,clear,,0.5,1,,,,,,,,,,,,,,,1,
2026-08-19T14:33:53,CVS,1w,sell,2026-07-27,sell,0,95.55,USD,53.36431249048154,110.0,0.15122972265829412,1,0,5.683276602868143,1,0,clear,,0.5,1,,,,,,,,,,,,,,,1,
2026-08-19T14:33:53,AMAT,1w,sell,2026-07-13,sell,0,492.03,USD,54.23921327014413,520.0,0.05684612726866254,1,0,29.538345443701996,1,0,clear,,0.5,1,,,,,,,,,,,,,,,1,
2026-08-19T14:33:53,LRCX,1w,sell,2026-06-01,sell,0,310.67,USD,54.5339305058345,310.0,-0.002156629220716567,1,0,,0,0,clear,,0.5,1,,,,,,,,,,,,,,,1,
2026-08-19T14:33:53,LRCX,1w,sell,2026-06-29,sell,0,310.67,USD,54.5339305058345,310.0,-0.002156629220716567,1,0,,0,0,clear,,0.5,1,,,,,,,,,,,,,,,1,
2026-08-19T14:33:53,LITE,1w,sell,2026-05-25,sell,0,835.07,USD,55.02901878923763,640.28,-0.2332618822374173,1,0,-34971.96776929601,1,1,clear,,0.5,1,,,,,,,,,,,,,,,1,
2026-08-19T14:33:53,PWR,1w,sell,2026-06-01,sell,0,661.0,USD,55.79707748024062,410.0,-0.37972768532526474,1,1,35.41417869938117,1,0,clear,,0.5,1,,,,,,,,,,,,,,,1,
2026-08-19T14:33:53,PWR,1w,sell,2026-06-15,sell,0,661.0,USD,55.79707748024062,410.0,-0.37972768532526474,1,1,35.41417869938117,1,0,clear,,0.5,1,,,,,,,,,,,,,,,1,
2026-08-19T14:33:53,CSCO,1w,sell,2026-07-13,sell,0,111.02,USD,56.5328916551554,115.0,0.035849396505134246,1,0,25.71311475409837,1,0,clear,,0.5,1,,,,,,,,,,,,,,,1,
2026-08-19T14:33:53,CSCO,1w,sell,2026-08-13,sell,1,111.02,USD,56.5328916551554,115.0,0.035849396505134246,1,0,27.525465267672505,1,0,clear,,0.5,1,,,,,,,,,,,,,,,1,
2026-08-19T14:33:53,DDOG,1w,sell,2026-07-20,sell,0,235.73,USD,57.277698298987175,200.0,-0.15157171340092476,1,0,,0,0,clear,,0.5,1,,,,,,,,,,,,,,,1,
2026-08-19T14:33:53,DDOG,1w,sell,2026-08-03,sell,0,235.73,USD,57.277698298987175,200.0,-0.15157171340092476,1,0,,0,0,clear,,0.5,1,,,,,,,,,,,,,,,1,
2026-08-19T14:33:53,ASML,1w,sell,2026-05-24,sell,0,1504.6,EUR,57.38196971303945,1800.0,0.19633125083078568,1,0,14.701399935041682,1,0,clear,,0.5,1,,,,,,,,,,,,,,,1,
2026-08-19T14:33:53,ASML,1w,sell,2026-07-05,sell,0,1504.6,EUR,57.38196971303945,1800.0,0.19633125083078568,1,0,14.701399935041682,1,0,clear,,0.5,1,,,,,,,,,,,,,,,1,
2026-08-19T14:33:53,NN,1w,sell,2026-05-24,sell,0,76.98,EUR,58.49636592137687,80.0,0.03923096908287862,1,0,-25.25093203326642,1,1,clear,,0.5,1,,,,,,,,,,,,,,,1,
2026-08-19T14:33:53,NN,1w,sell,2026-08-10,sell,1,76.98,EUR,58.49636592137687,80.0,0.03923096908287862,1,0,44.62834595286338,1,0,clear,,0.5,1,,,,,,,,,,,,,,,1,
2026-08-19T14:33:53,MNST,1w,sell,2026-07-20,sell,0,47.74,USD,62.09032396936892,35.0,-0.2668621700879766,1,0,34.5822405395279,1,0,clear,,0.5,1,,,,,,,,,,,,,,,1,
2026-08-19T14:33:53,MS,1w,sell,2026-07-13,sell,0,215.665,USD,62.52516545953623,184.0,-0.1468249368233139,1,0,,0,0,clear,,0.5,1,,,,,,,,,,,,,,,1,
2026-08-19T14:33:53,CRWD,1w,sell,2026-07-20,sell,0,198.81,USD,62.64291109721181,133.0,-0.3310195664202002,1,0,,0,0,clear,,0.5,1,,,,,,,,,,,,,,,1,
2026-08-19T14:33:53,CRWD,1w,sell,2026-08-17,sell,1,198.81,USD,62.64291109721181,133.0,-0.3310195664202002,1,0,,0,0,clear,,0.5,1,,,,,,,,,,,,,,,1,
2026-08-19T14:33:53,DSFIR,1w,sell,2026-07-19,sell,0,88.54,EUR,63.10314524700263,103.0,0.16331601536028906,1,0,-301.20473077205617,1,1,clear,,0.5,1,,,,,,,,,,,,,,,1,
2026-08-19T14:33:53,DSFIR,1w,sell,2026-08-02,sell,0,88.54,EUR,63.10314524700263,103.0,0.16331601536028906,1,0,-301.20473077205617,1,1,clear,,0.5,1,,,,,,,,,,,,,,,1,
2026-08-19T14:33:53,DSFIR,1w,sell,2026-08-11,sell,1,88.54,EUR,63.10314524700263,103.0,0.16331601536028906,1,0,-301.20473077205617,1,1,clear,,0.5,1,,,,,,,,,,,,,,,1,
2026-08-19T14:33:53,DELL,1w,sell,2026-08-19,sell,1,429.5339,USD,63.230342466309864,460.0,0.0709282783035285,1,0,,0,0,clear,,0.5,1,,,,,,,,,,,,,,,1,
2026-08-19T14:33:53,AALB,1w,sell,2026-06-14,sell,0,42.42,EUR,63.42082913190012,43.93,0.035596416784535546,1,0,,0,0,clear,,0.5,1,,,,,,,,,,,,,,,1,
2026-08-19T14:33:53,AALB,1w,sell,2026-08-14,sell,1,42.42,EUR,63.42082913190012,43.93,0.035596416784535546,1,0,1.693801562385932,1,0,clear,,0.5,1,,,,,,,,,,,,,,,1,
2026-08-19T14:33:53,NUE,1w,sell,2026-08-14,sell,1,260.87,USD,64.77033999015588,206.89,-0.20692298846168597,1,0,126.28899480069322,1,0,clear,,0.5,1,,,,,,,,,,,,,,,1,
2026-08-19T14:33:53,FDX,1w,sell,2026-06-01,sell,0,335.725,USD,65.20360550221048,257.0,-0.23449251619629166,1,0,9.927059242127733,1,0,clear,,0.5,1,,,,,,,,,,,,,,,1,
2026-08-19T14:33:53,FDX,1w,sell,2026-06-15,sell,0,335.725,USD,65.20360550221048,257.0,-0.23449251619629166,1,0,9.927059242127733,1,0,clear,,0.5,1,,,,,,,,,,,,,,,1,
2026-08-19T14:33:53,PANW,1w,sell,2026-08-19,sell,1,353.315,USD,65.3541110801512,285.0,-0.19335437216081966,1,0,,0,0,clear,,0.5,1,,,,,,,,,,,,,,,1,
2026-08-19T14:33:53,TRV,1w,sell,2026-08-10,sell,1,370.145,USD,66.54454715091907,262.0,-0.2921692850099285,1,0,65.14110353488454,1,0,clear,,0.5,1,,,,,,,,,,,,,,,1,
2026-08-19T14:33:53,CSX,1w,sell,2026-06-15,sell,0,51.325,USD,67.7244644227184,39.0,-0.24013638577691188,1,0,6.402851173651228,1,0,clear,,0.5,1,,,,,,,,,,,,,,,1,
2026-08-19T14:33:53,CSX,1w,sell,2026-07-27,sell,0,51.325,USD,67.7244644227184,39.0,-0.24013638577691188,1,0,6.402851173651228,1,0,clear,,0.5,1,,,,,,,,,,,,,,,1,
2026-08-19T14:33:53,ADI,1w,sell,2026-06-01,suspended,0,373.14,USD,51.52735001374837,380.0,0.0183845205552876,1,0,,0,0,before,0,0.5,1,,,,,,,,,,,,,,,1,
2026-08-19T14:33:53,ADI,1w,sell,2026-06-22,suspended,0,373.14,USD,51.52735001374837,380.0,0.0183845205552876,1,0,,0,0,before,0,0.5,1,,,,,,,,,,,,,,,1,
2026-08-19T14:33:53,ROST,1w,sell,2026-05-25,suspended,0,237.08,USD,57.42387561032176,176.0,-0.2576345537371352,1,0,13.472182686529393,1,0,before,1,0.5,1,,,,,,,,,,,,,,,1,
2026-08-19T14:33:53,ROST,1w,sell,2026-06-15,suspended,0,237.08,USD,57.42387561032176,176.0,-0.2576345537371352,1,0,13.472182686529393,1,0,before,1,0.5,1,,,,,,,,,,,,,,,1,
2026-08-19T15:30:26,ANET,1h,buy,2026-08-19T15:29,strong,1,188.23,USD,33.17673715846641,230.0,0.22190936620092447,1,1,24.726700747149035,1,1,clear,,0.1,10,,,,,,,,,,,,,,,1,
2026-08-19T15:30:26,JOBY,1h,buy,2026-08-18T19:30,strong,0,7.695,USD,41.60174927824236,9.99,0.2982456140350877,1,1,7.325141776937619,1,1,clear,,0.1,10,,,,,,,,,,,,,,,1,
2026-08-19T15:30:26,JOBY,1h,buy,2026-08-19T15:29,strong,1,7.695,USD,41.60174927824236,9.99,0.2982456140350877,1,1,7.325141776937619,1,1,clear,,0.1,10,,,,,,,,,,,,,,,1,
2026-08-19T15:30:26,JCI,1h,buy,2026-08-19T15:29,signal,1,148.25,USD,34.795247863510625,,,0,0,70.84942084942087,1,1,clear,,0.1,10,,,,,,,,,,,,,,,1,
2026-08-19T15:30:26,GEV,1h,buy,2026-08-19T13:50,signal,1,986.09,USD,31.263340664031034,1050.0,0.06481152835948034,1,0,735.9407527936638,1,1,clear,,0.1,10,,,,,,,,,,,,,,,1,
2026-08-19T15:30:26,GEV,1h,buy,2026-08-19T15:29,signal,1,986.09,USD,31.263340664031034,1050.0,0.06481152835948034,1,0,735.9407527936638,1,1,clear,,0.1,10,,,,,,,,,,,,,,,1,
2026-08-19T15:30:26,DELL,1h,buy,2026-08-19T15:29,signal,1,440.235,USD,31.340345225826482,460.0,0.0448964757459084,1,0,100.63934948979589,1,1,clear,,0.1,10,,,,,,,,,,,,,,,1,
2026-08-19T15:30:26,NUE,1h,buy,2026-08-19T14:02,signal,1,263.7845,USD,33.892542083597306,206.89,-0.21568553118170325,1,0,126.28899480069322,1,1,clear,,0.1,10,,,,,,,,,,,,,,,1,
2026-08-19T15:30:26,NUE,1h,buy,2026-08-19T15:29,signal,1,263.7845,USD,33.892542083597306,206.89,-0.21568553118170325,1,0,126.28899480069322,1,1,clear,,0.1,10,,,,,,,,,,,,,,,1,
2026-08-19T15:30:26,EMR,1h,buy,2026-08-19T13:30,signal,1,159.0175,USD,39.678143736434095,104.0,-0.34598393258603616,1,0,-1.699102117970537,1,0,clear,,0.1,10,,,,,,,,,,,,,,,1,
2026-08-19T15:30:26,EMR,1h,buy,2026-08-19T15:29,signal,1,159.0175,USD,39.678143736434095,104.0,-0.34598393258603616,1,0,-1.699102117970537,1,0,clear,,0.1,10,,,,,,,,,,,,,,,1,
2026-08-19T15:30:26,PLNT,1h,sell,2026-08-19T14:02,sell,1,52.77,USD,60.71797717673323,71.76,0.3598635588402502,1,0,31.599392748705128,1,0,clear,,0.1,10,,,,,,,,,,,,,,,1,
2026-08-19T15:30:26,PLNT,1h,sell,2026-08-19T15:29,sell,1,52.77,USD,60.71797717673323,71.76,0.3598635588402502,1,0,31.599392748705128,1,0,clear,,0.1,10,,,,,,,,,,,,,,,1,
2026-08-19T15:30:26,MDT,1h,sell,2026-08-19T13:50,sell,1,93.67,USD,66.29761344329668,112.0,0.1956869862282481,1,0,3.002073255010367,1,0,clear,,0.1,10,,,,,,,,,,,,,,,1,
2026-08-19T15:30:26,MDT,1h,sell,2026-08-19T15:29,sell,1,93.67,USD,66.29761344329668,112.0,0.1956869862282481,1,0,3.002073255010367,1,0,clear,,0.1,10,,,,,,,,,,,,,,,1,
2026-08-19T15:30:26,ICE,1h,sell,2026-08-18T19:30,sell,0,158.33,USD,68.04181257172701,182.0,0.14949788416598236,1,0,35.9202242014742,1,0,clear,,0.1,10,,,,,,,,,,,,,,,1,
2026-08-19T15:30:26,ICE,1h,sell,2026-08-19T15:29,sell,1,158.33,USD,68.04181257172701,182.0,0.14949788416598236,1,0,35.9202242014742,1,0,clear,,0.1,10,,,,,,,,,,,,,,,1,
2026-08-19T15:30:26,MSI,1h,sell,2026-08-19T15:29,sell,1,480.56,USD,68.15656423273022,,,0,0,2.1851634244689984,1,0,clear,,0.1,10,,,,,,,,,,,,,,,1,
2026-08-19T15:30:26,DHR,1h,sell,2026-08-19T15:29,sell,1,209.56,USD,68.63039065174519,247.0,0.17866004962779156,1,0,19.62321056879488,1,0,clear,,0.1,10,,,,,,,,,,,,,,,1,
2026-08-19T15:30:26,NSC,1h,sell,2026-08-19T15:29,sell,1,350.62,USD,69.93439402894874,,,0,0,-20.859119530848844,1,1,clear,,0.1,10,,,,,,,,,,,,,,,1,
2026-08-19T15:30:26,DE,1h,buy,2026-08-19T14:24,suspended,1,592.46,USD,32.607640760645154,600.0,0.012726597576207614,1,0,-14.629402971355596,1,0,before,1,0.1,10,,,,,,,,,,,,,,,1,
2026-08-19T15:30:26,DE,1h,buy,2026-08-19T15:29,suspended,1,592.46,USD,32.607640760645154,600.0,0.012726597576207614,1,0,-14.629402971355596,1,0,before,1,0.1,10,,,,,,,,,,,,,,,1,
2026-08-19T15:30:27,HEIA,4h,buy,2026-08-18T11:00,signal,0,71.72,EUR,30.037692838008482,86.0,0.19910764082543225,1,0,26.557224717360995,1,1,clear,,0.2,5,,,,,,,,,,,,,,,1,
2026-08-19T15:30:27,HEIA,4h,buy,2026-08-19T15:29,signal,1,71.72,EUR,30.037692838008482,86.0,0.19910764082543225,1,0,26.557224717360995,1,1,clear,,0.2,5,,,,,,,,,,,,,,,1,
2026-08-19T15:30:27,AALB,4h,buy,2026-08-19T15:29,signal,1,42.44,EUR,30.583231957048056,43.93,0.035108388312912395,1,0,1.693801562385932,1,1,clear,,0.2,5,,,,,,,,,,,,,,,1,
2026-08-19T15:30:27,CDNS,4h,buy,2026-08-19T15:29,signal,1,316.74,USD,30.628303459240428,350.0,0.10500726147628967,1,0,35.99761891877266,1,1,clear,,0.2,5,,,,,,,,,,,,,,,1,
2026-08-19T16:00:11,ANET,1h,buy,2026-08-19T15:59,strong,1,187.69,USD,32.247375220498995,230.0,0.22542490276519794,1,1,24.726700747149035,1,1,clear,,0.1,10,,,,,,,,,,,,,,,1,
2026-08-19T16:00:11,JOBY,1h,buy,2026-08-19T15:59,strong,1,7.705,USD,42.30241906016959,9.99,0.2965606748864374,1,1,7.325141776937619,1,1,clear,,0.1,10,,,,,,,,,,,,,,,1,
2026-08-19T16:00:11,JCI,1h,buy,2026-08-19T15:59,signal,1,147.48,USD,32.198397916361344,,,0,0,70.84942084942087,1,1,clear,,0.1,10,,,,,,,,,,,,,,,1,
2026-08-19T16:00:11,DELL,1h,buy,2026-08-19T15:59,signal,1,440.76,USD,32.046954348425146,460.0,0.04365187403575644,1,0,100.63934948979589,1,1,clear,,0.1,10,,,,,,,,,,,,,,,1,
2026-08-19T16:00:11,EMR,1h,buy,2026-08-19T15:59,signal,1,157.962609,USD,33.9156666739803,104.0,-0.3416163441564832,1,0,-1.699102117970537,1,0,clear,,0.1,10,,,,,,,,,,,,,,,1,
2026-08-19T16:00:11,PLNT,1h,sell,2026-08-19T15:59,sell,1,52.47,USD,58.06447168291115,71.76,0.3676386506575187,1,0,31.599392748705128,1,0,clear,,0.1,10,,,,,,,,,,,,,,,1,
2026-08-19T16:00:11,MSI,1h,sell,2026-08-19T15:59,sell,1,478.51,USD,64.56463257565504,,,0,0,2.1851634244689984,1,0,clear,,0.1,10,,,,,,,,,,,,,,,1,
2026-08-19T16:00:11,MDT,1h,sell,2026-08-19T15:59,sell,1,93.585,USD,65.73645754534053,112.0,0.19677298712400498,1,0,3.002073255010367,1,0,clear,,0.1,10,,,,,,,,,,,,,,,1,
2026-08-19T16:00:11,T,1h,sell,2026-08-18T18:30,sell,0,25.315,USD,66.70527490497199,27.0,0.06656132727631833,1,0,72.38057234066811,1,0,clear,,0.1,10,,,,,,,,,,,,,,,1,
2026-08-19T16:00:11,T,1h,sell,2026-08-19T15:59,sell,1,25.315,USD,66.70527490497199,27.0,0.06656132727631833,1,0,72.38057234066811,1,0,clear,,0.1,10,,,,,,,,,,,,,,,1,
2026-08-19T16:00:11,ICE,1h,sell,2026-08-19T15:59,sell,1,158.22,USD,66.76785909880385,182.0,0.1502970547339148,1,0,35.9202242014742,1,0,clear,,0.1,10,,,,,,,,,,,,,,,1,
2026-08-19T16:00:11,MA,1h,sell,2026-08-19T15:59,sell,1,579.27,USD,66.82759154650903,550.0,-0.050529114229979084,1,0,22.61557038106353,1,0,clear,,0.1,10,,,,,,,,,,,,,,,1,
2026-08-19T16:00:11,BMY,1h,sell,2026-08-19T15:59,sell,1,67.22,USD,67.02368219407415,,,0,0,83.16587983698503,1,0,clear,,0.1,10,,,,,,,,,,,,,,,1,
2026-08-19T16:00:11,REGN,1h,sell,2026-08-19T13:50,sell,1,834.63,USD,69.1028752956816,730.0,-0.1253609383798809,1,1,1.954010824539639,1,0,clear,,0.1,10,,,,,,,,,,,,,,,1,
2026-08-19T16:00:11,REGN,1h,sell,2026-08-19T15:59,sell,1,834.63,USD,69.1028752956816,730.0,-0.1253609383798809,1,1,1.954010824539639,1,0,clear,,0.1,10,,,,,,,,,,,,,,,1,
2026-08-19T16:00:11,VZ,1h,sell,2026-08-18T18:30,sell,0,49.305,USD,69.39728138312981,54.0,0.09522360815333131,1,0,-10.788960133816568,1,1,clear,,0.1,10,,,,,,,,,,,,,,,1,
2026-08-19T16:00:11,VZ,1h,sell,2026-08-19T15:59,sell,1,49.305,USD,69.39728138312981,54.0,0.09522360815333131,1,0,-10.788960133816568,1,1,clear,,0.1,10,,,,,,,,,,,,,,,1,
2026-08-19T16:00:11,DE,1h,buy,2026-08-19T15:59,suspended,1,591.01,USD,30.88079471514523,600.0,0.015211248540633845,1,0,-14.629402971355596,1,0,before,1,0.1,10,,,,,,,,,,,,,,,1,
2026-08-19T16:00:11,HEIA,4h,buy,2026-08-19T15:59,signal,1,71.98,EUR,31.24455367718896,86.0,0.19477632675743256,1,0,26.557224717360995,1,1,clear,,0.2,5,,,,,,,,,,,,,,,1,
2026-08-19T16:00:11,AALB,4h,buy,2026-08-19T15:59,signal,1,42.52,EUR,31.676054989215615,43.93,0.033160865475070474,1,0,1.693801562385932,1,1,clear,,0.2,5,,,,,,,,,,,,,,,1,
2026-08-19T16:00:11,T,4h,sell,2026-08-19T15:59,sell,1,25.315,USD,69.32368956383536,27.0,0.06656132727631833,1,0,72.38057234066811,1,0,clear,,0.2,5,,,,,,,,,,,,,,,1,
2026-08-19T16:00:11,BMY,4h,sell,2026-08-19T15:59,sell,1,67.22,USD,69.50759979711002,,,0,0,83.16587983698503,1,0,clear,,0.2,5,,,,,,,,,,,,,,,1,
2026-08-19T16:00:12,ABN,1w,sell,2026-07-12,sell,0,40.09,EUR,69.8055142453249,39.0,-0.02718882514342737,1,0,-0.29092457248279235,1,1,clear,,0.5,1,,,,,,,,,,,,,,,1,
2026-08-19T16:00:12,ABN,1w,sell,2026-08-19,sell,1,40.09,EUR,69.8055142453249,39.0,-0.02718882514342737,1,0,9.433214427269125,1,0,clear,,0.5,1,,,,,,,,,,,,,,,1,
2026-08-19T16:41:33,ANET,1h,buy,2026-08-19T16:41,strong,1,188.245,USD,33.38294888370994,230.0,0.22181200031873355,1,1,24.726700747149035,1,1,clear,,0.1,10,,,,,,,,,,,,,,,1,
2026-08-19T16:41:33,JOBY,1h,buy,2026-08-19T14:30,strong,1,7.705,USD,42.55056194979167,9.99,0.2965606748864374,1,1,7.325141776937619,1,1,clear,,0.1,10,,,,,,,,,,,,,,,1,
2026-08-19T16:41:33,JOBY,1h,buy,2026-08-19T15:30,strong,1,7.705,USD,42.55056194979167,9.99,0.2965606748864374,1,1,7.325141776937619,1,1,clear,,0.1,10,,,,,,,,,,,,,,,1,
2026-08-19T16:41:33,XYL,1h,buy,2026-08-19T13:30,strong,1,115.915,USD,42.73363588800327,129.0,0.11288444118535128,1,1,9.421947289078346,1,1,clear,,0.1,10,,,,,,,,,,,,,,,1,
2026-08-19T16:41:33,GRAB,1h,buy,2026-08-19T13:30,strong,1,3.5273,USD,44.86976215455645,5.6,0.5876165905933717,1,1,422.64150943396237,1,1,clear,,0.1,10,,,,,,,,,,,,,,,1,
2026-08-19T16:41:33,CHPT,1h,buy,2026-08-19T14:30,strong,1,5.8595,USD,47.25559085968394,7.66,0.30727877805273496,1,1,28.531379996382704,1,1,clear,,0.1,10,,,,,,,,,,,,,,,1,
2026-08-19T16:41:33,CHPT,1h,buy,2026-08-19T15:30,strong,1,5.8595,USD,47.25559085968394,7.66,0.30727877805273496,1,1,28.531379996382704,1,1,clear,,0.1,10,,,,,,,,,,,,,,,1,
2026-08-19T16:41:33,ORCL,1h,buy,2026-08-19T14:30,strong,1,145.5022,USD,47.82095292614113,207.0,0.42265890137743634,1,1,34.18415535948765,1,1,clear,,0.1,10,,,,,,,,,,,,,,,1,
2026-08-19T16:41:33,ORCL,1h,buy,2026-08-19T15:30,strong,1,145.5022,USD,47.82095292614113,207.0,0.42265890137743634,1,1,34.18415535948765,1,1,clear,,0.1,10,,,,,,,,,,,,,,,1,
2026-08-19T16:41:33,WHR,1h,buy,2026-08-19T13:30,strong,1,40.825,USD,51.59521409706902,66.05,0.6178812002449477,1,1,,0,0,clear,,0.1,10,,,,,,,,,,,,,,,1,
2026-08-19T16:41:33,JCI,1h,buy,2026-08-19T16:41,signal,1,147.435,USD,32.05857033017435,,,0,0,70.84942084942087,1,1,clear,,0.1,10,,,,,,,,,,,,,,,1,
2026-08-19T16:41:33,WFC,1h,buy,2026-08-19T16:41,signal,1,86.165,USD,30.287102677801386,90.0,0.044507630708524266,1,0,18.045551210811553,1,1,clear,,0.1,10,,,,,,,,,,,,,,,1,
2026-08-19T16:41:33,GEV,1h,buy,2026-08-19T16:41,signal,1,984.76,USD,30.451720394151522,1050.0,0.06624964458345181,1,0,735.9407527936638,1,1,clear,,0.1,10,,,,,,,,,,,,,,,1,
2026-08-19T16:41:33,VRT,1h,buy,2026-08-19T13:50,signal,1,264.5,USD,31.513061771934474,29.0,-0.8903591682419659,1,0,111.13128224727693,1,1,clear,,0.1,10,,,,,,,,,,,,,,,1,
2026-08-19T16:41:33,VRT,1h,buy,2026-08-19T16:41,signal,1,264.5,USD,31.513061771934474,29.0,-0.8903591682419659,1,0,111.13128224727693,1,1,clear,,0.1,10,,,,,,,,,,,,,,,1,
2026-08-19T16:41:33,EMR,1h,buy,2026-08-19T16:41,signal,1,158.02,USD,33.625629089092754,104.0,-0.3418554613340084,1,0,-1.699102117970537,1,0,clear,,0.1,10,,,,,,,,,,,,,,,1,
2026-08-19T16:41:33,META,1h,buy,2026-08-19T15:30,signal,1,551.865,USD,33.99400291232473,850.0,0.5402317595788825,1,1,-3.857269092594742,1,0,clear,,0.1,10,,,,,,,,,,,,,,,1,
2026-08-19T16:41:33,DELL,1h,buy,2026-08-19T16:41,signal,1,445.69,USD,35.82845213586209,460.0,0.03210751867890238,1,0,100.63934948979589,1,1,clear,,0.1,10,,,,,,,,,,,,,,,1,
2026-08-19T16:41:33,BB,1h,buy,2026-08-19T15:30,signal,1,8.445,USD,38.31383987594696,5.2,-0.384251036116045,1,0,,0,0,clear,,0.1,10,,,,,,,,,,,,,,,1,
2026-08-19T16:41:33,SHW,1h,buy,2026-08-19T13:30,signal,1,353.4572,USD,50.147681347104836,340.0,-0.03807306796975702,1,0,7.709876665806048,1,1,clear,,0.1,10,,,,,,,,,,,,,,,1,
2026-08-19T16:41:33,T,1h,sell,2026-08-19T15:30,sell,1,25.185,USD,61.175564062715004,27.0,0.07206670637284103,1,0,72.38057234066811,1,0,clear,,0.1,10,,,,,,,,,,,,,,,1,
2026-08-19T16:41:33,VZ,1h,sell,2026-08-19T13:50,sell,1,49.035,USD,62.17369633193136,54.0,0.10125420617925979,1,0,-10.788960133816568,1,1,clear,,0.1,10,,,,,,,,,,,,,,,1,
2026-08-19T16:41:33,VZ,1h,sell,2026-08-19T15:30,sell,1,49.035,USD,62.17369633193136,54.0,0.10125420617925979,1,0,-10.788960133816568,1,1,clear,,0.1,10,,,,,,,,,,,,,,,1,
2026-08-19T16:41:33,PLNT,1h,sell,2026-08-19T14:30,sell,1,53.37,USD,63.121745292085485,71.76,0.34457560427206313,1,0,31.599392748705128,1,0,clear,,0.1,10,,,,,,,,,,,,,,,1,
2026-08-19T16:41:33,PLNT,1h,sell,2026-08-19T15:30,sell,1,53.37,USD,63.121745292085485,71.76,0.34457560427206313,1,0,31.599392748705128,1,0,clear,,0.1,10,,,,,,,,,,,,,,,1,
2026-08-19T16:41:33,MA,1h,sell,2026-08-19T14:30,sell,1,578.09,USD,64.09070890407793,550.0,-0.048591049836530696,1,0,22.61557038106353,1,0,clear,,0.1,10,,,,,,,,,,,,,,,1,
2026-08-19T16:41:33,MA,1h,sell,2026-08-19T15:30,sell,1,578.09,USD,64.09070890407793,550.0,-0.048591049836530696,1,0,22.61557038106353,1,0,clear,,0.1,10,,,,,,,,,,,,,,,1,
2026-08-19T16:41:33,BMY,1h,sell,2026-08-19T16:41,sell,1,67.03,USD,64.65126443643915,,,0,0,83.16587983698503,1,0,clear,,0.1,10,,,,,,,,,,,,,,,1,
2026-08-19T16:41:33,MSI,1h,sell,2026-08-19T16:41,sell,1,478.69,USD,64.8024752415596,,,0,0,2.1851634244689984,1,0,clear,,0.1,10,,,,,,,,,,,,,,,1,
2026-08-19T16:41:33,MDT,1h,sell,2026-08-19T16:41,sell,1,93.68,USD,66.24472544969186,112.0,0.19555935098206653,1,0,3.002073255010367,1,0,clear,,0.1,10,,,,,,,,,,,,,,,1,
2026-08-19T16:41:33,NSC,1h,sell,2026-08-19T16:41,sell,1,349.51,USD,66.26724454062546,,,0,0,-20.859119530848844,1,1,clear,,0.1,10,,,,,,,,,,,,,,,1,
2026-08-19T16:41:33,CMCSA,1h,sell,2026-08-19T16:41,sell,1,26.675,USD,66.79294982107726,36.0,0.34957825679475163,1,0,-49.000049543375226,1,1,clear,,0.1,10,,,,,,,,,,,,,,,1,
2026-08-19T16:41:33,ICE,1h,sell,2026-08-19T16:41,sell,1,158.325,USD,67.77068128785284,182.0,0.14953418600979007,1,0,35.9202242014742,1,0,clear,,0.1,10,,,,,,,,,,,,,,,1,
2026-08-19T16:41:33,REGN,1h,sell,2026-08-19T16:41,sell,1,834.35,USD,68.76823223461054,730.0,-0.1250674177503446,1,1,1.954010824539639,1,0,clear,,0.1,10,,,,,,,,,,,,,,,1,
2026-08-19T16:41:33,DHR,1h,sell,2026-08-19T16:41,sell,1,209.845,USD,68.95076732010978,247.0,0.17705925802377948,1,0,19.62321056879488,1,0,clear,,0.1,10,,,,,,,,,,,,,,,1,
2026-08-19T16:41:33,TGT,1h,sell,2026-08-19T15:30,suspended,1,159.95,USD,68.82061871980547,121.0,-0.24351359799937475,1,1,-16.704953890458228,1,1,before,0,0.1,10,,,,,,,,,,,,,,,1,
2026-08-19T16:41:33,TGT,1h,sell,2026-08-19T16:41,suspended,1,159.95,USD,68.82061871980547,121.0,-0.24351359799937475,1,1,-16.704953890458228,1,1,before,0,0.1,10,,,,,,,,,,,,,,,1,
2026-08-19T16:41:34,ABEV,4h,buy,2026-08-19T13:30,strong,1,2.805,USD,33.49708202349095,3.6,0.2834224598930481,1,1,20.04904966278357,1,1,clear,,0.2,5,,,,,,,,,,,,,,,1,
2026-08-19T16:41:34,HEIA,4h,buy,2026-08-19T16:41,signal,1,71.98,EUR,31.24455367718896,86.0,0.19477632675743256,1,0,26.557224717360995,1,1,clear,,0.2,5,,,,,,,,,,,,,,,1,
2026-08-19T16:41:34,AALB,4h,buy,2026-08-19T16:41,signal,1,42.52,EUR,31.676054989215615,43.93,0.033160865475070474,1,0,1.693801562385932,1,1,clear,,0.2,5,,,,,,,,,,,,,,,1,
2026-08-19T16:41:34,ITUB,4h,buy,2026-08-19T13:30,signal,1,7.375,USD,35.4175127308057,7.7,0.04406779661016952,1,0,12.95451199764463,1,1,clear,,0.2,5,,,,,,,,,,,,,,,1,
2026-08-19T16:41:34,T,4h,sell,2026-08-19T16:40,sell,1,25.185,USD,68.03314730887617,27.0,0.07206670637284103,1,0,72.38057234066811,1,0,clear,,0.2,5,,,,,,,,,,,,,,,1,
2026-08-19T16:41:34,BMY,4h,sell,2026-08-19T16:41,sell,1,67.03,USD,68.73971331523914,,,0,0,83.16587983698503,1,0,clear,,0.2,5,,,,,,,,,,,,,,,1,
2026-08-19T16:41:34,SCHW,4h,sell,2026-08-19T13:30,sell,1,111.4,USD,69.46364849504403,124.0,0.1131059245960502,1,0,,0,0,clear,,0.2,5,,,,,,,,,,,,,,,1,
2026-08-19T16:41:34,SCHW,4h,sell,2026-08-19T16:41,sell,1,111.4,USD,69.46364849504403,124.0,0.1131059245960502,1,0,48.05481517378779,1,0,clear,,0.2,5,,,,,,,,,,,,,,,1,
2026-08-19T16:41:35,RTX,1w,sell,2026-08-19,sell,1,221.5,USD,69.22213612337747,214.0,-0.033860045146726865,1,0,24.774794568704138,1,0,clear,,0.5,1,,,,,,,,,,,,,,,1,
2026-08-19T17:26:55,ANET,1h,buy,2026-08-19T17:26,strong,1,188.3,USD,33.33206475789906,230.0,0.22145512480084964,1,1,24.726700747149035,1,1,clear,,0.1,10,,,,,,,,,,,,,,,1,
2026-08-19T17:26:55,JCI,1h,buy,2026-08-19T17:26,signal,1,146.925,USD,30.462077574821066,,,0,0,70.84942084942087,1,1,clear,,0.1,10,,,,,,,,,,,,,,,1,
2026-08-19T17:26:55,VRT,1h,buy,2026-08-19T17:26,signal,1,263.47,USD,30.754683266511776,29.0,-0.8899305423767412,1,0,111.13128224727693,1,1,clear,,0.1,10,,,,,,,,,,,,,,,1,
2026-08-19T17:26:55,WFC,1h,buy,2026-08-19T16:30,signal,1,86.25,USD,31.828492518519866,90.0,0.043478260869565216,1,0,18.045551210811553,1,1,clear,,0.1,10,,,,,,,,,,,,,,,1,
2026-08-19T17:26:55,UNH,1h,buy,2026-08-19T16:30,signal,1,389.37,USD,32.668075769606716,475.0,0.21991935690988004,1,1,-32.64203819448956,1,0,clear,,0.1,10,,,,,,,,,,,,,,,1,
2026-08-19T17:26:55,DELL,1h,buy,2026-08-19T17:26,signal,1,444.03,USD,34.95987894548436,460.0,0.03596603833074348,1,0,100.63934948979589,1,1,clear,,0.1,10,,,,,,,,,,,,,,,1,
2026-08-19T17:26:55,EMR,1h,buy,2026-08-19T17:26,signal,1,158.14,USD,35.096959706365,104.0,-0.3423548754268369,1,0,-1.699102117970537,1,0,clear,,0.1,10,,,,,,,,,,,,,,,1,
2026-08-19T17:26:55,NSC,1h,sell,2026-08-19T17:26,sell,1,348.66,USD,63.95416462452849,,,0,0,-20.859119530848844,1,1,clear,,0.1,10,,,,,,,,,,,,,,,1,
2026-08-19T17:26:55,BMY,1h,sell,2026-08-19T17:26,sell,1,67.12,USD,64.93027688387534,,,0,0,83.16587983698503,1,0,clear,,0.1,10,,,,,,,,,,,,,,,1,
2026-08-19T17:26:55,AAPL,1h,sell,2026-08-19T13:50,sell,1,314.73,USD,64.9908320439699,285.0,-0.0944619197407302,1,1,32.60922440789274,1,0,clear,,0.1,10,,,,,,,,,,,,,,,1,
2026-08-19T17:26:55,AAPL,1h,sell,2026-08-19T16:30,sell,1,314.73,USD,64.9908320439699,285.0,-0.0944619197407302,1,1,32.60922440789274,1,0,clear,,0.1,10,,,,,,,,,,,,,,,1,
2026-08-19T17:26:55,MDT,1h,sell,2026-08-19T17:26,sell,1,93.61,USD,65.19181302116004,112.0,0.19645337036641386,1,0,3.002073255010367,1,0,clear,,0.1,10,,,,,,,,,,,,,,,1,
2026-08-19T17:26:55,CMCSA,1h,sell,2026-08-19T17:26,sell,1,26.665,USD,66.17623624962023,36.0,0.35008438027376715,1,0,-49.000049543375226,1,1,clear,,0.1,10,,,,,,,,,,,,,,,1,
2026-08-19T17:26:55,NEM,1h,sell,2026-08-19T13:50,sell,1,124.42,USD,66.45226138360357,67.0,-0.46150136633981675,1,1,42.18029048995494,1,0,clear,,0.1,10,,,,,,,,,,,,,,,1,
2026-08-19T17:26:55,NEM,1h,sell,2026-08-19T17:26,sell,1,124.42,USD,66.45226138360357,67.0,-0.46150136633981675,1,1,42.18029048995494,1,0,clear,,0.1,10,,,,,,,,,,,,,,,1,
2026-08-19T17:26:55,MSI,1h,sell,2026-08-19T17:26,sell,1,480.385,USD,66.46572368664079,,,0,0,2.1851634244689984,1,0,clear,,0.1,10,,,,,,,,,,,,,,,1,
2026-08-19T17:26:55,XOM,1h,sell,2026-08-18T15:30,sell,0,166.42,USD,67.00314788155964,156.0,-0.06261266674678517,1,0,10.170981370686484,1,0,clear,,0.1,10,,,,,,,,,,,,,,,1,
2026-08-19T17:26:55,XOM,1h,sell,2026-08-19T15:30,sell,1,166.42,USD,67.00314788155964,156.0,-0.06261266674678517,1,0,10.170981370686484,1,0,clear,,0.1,10,,,,,,,,,,,,,,,1,
2026-08-19T17:26:55,ICE,1h,sell,2026-08-19T17:26,sell,1,158.45,USD,67.67144844231512,182.0,0.14862732723256555,1,0,35.9202242014742,1,0,clear,,0.1,10,,,,,,,,,,,,,,,1,
2026-08-19T17:26:55,DHR,1h,sell,2026-08-19T17:26,sell,1,209.59,USD,67.9308691364662,247.0,0.17849134023569824,1,0,19.62321056879488,1,0,clear,,0.1,10,,,,,,,,,,,,,,,1,
2026-08-19T17:26:55,REGN,1h,sell,2026-08-19T17:26,sell,1,835.995,USD,68.96029424071297,730.0,-0.12678903581959222,1,1,1.954010824539639,1,0,clear,,0.1,10,,,,,,,,,,,,,,,1,
2026-08-19T17:26:55,ALNY,1h,sell,2026-08-19T17:26,sell,1,237.91,USD,69.86112058373442,299.0,0.2567777731074776,1,0,,0,0,clear,,0.1,10,,,,,,,,,,,,,,,1,
2026-08-19T17:26:55,LLY,1h,sell,2026-08-19T15:30,sell,1,1273.46,USD,69.94227592648633,980.0,-0.23044304493270304,1,1,95.1428306190653,1,0,clear,,0.1,10,,,,,,,,,,,,,,,1,
2026-08-19T17:26:55,LLY,1h,sell,2026-08-19T17:24,sell,1,1273.46,USD,69.94227592648633,980.0,-0.23044304493270304,1,1,95.1428306190653,1,0,clear,,0.1,10,,,,,,,,,,,,,,,1,
2026-08-19T17:26:56,CDNS,4h,buy,2026-08-19T17:26,signal,1,316.985,USD,30.44717480566476,350.0,0.10415319336877135,1,0,35.99761891877266,1,1,clear,,0.2,5,,,,,,,,,,,,,,,1,
2026-08-19T17:26:56,HEIA,4h,buy,2026-08-19T17:26,signal,1,71.98,EUR,31.24455367718896,86.0,0.19477632675743256,1,0,26.557224717360995,1,1,clear,,0.2,5,,,,,,,,,,,,,,,1,
2026-08-19T17:26:56,AALB,4h,buy,2026-08-19T17:26,signal,1,42.52,EUR,31.676054989215615,43.93,0.033160865475070474,1,0,1.693801562385932,1,1,clear,,0.2,5,,,,,,,,,,,,,,,1,
2026-08-19T17:26:56,T,4h,sell,2026-08-19T17:25,sell,1,25.1,USD,66.993749046542,27.0,0.07569721115537842,1,0,72.38057234066811,1,0,clear,,0.2,5,,,,,,,,,,,,,,,1,
2026-08-19T17:26:56,SCHW,4h,sell,2026-08-19T17:26,sell,1,111.325,USD,68.79628627627172,124.0,0.11385582753200087,1,0,48.05481517378779,1,0,clear,,0.2,5,,,,,,,,,,,,,,,1,
2026-08-19T17:26:56,BMY,4h,sell,2026-08-19T17:26,sell,1,67.12,USD,69.10821319335615,,,0,0,83.16587983698503,1,0,clear,,0.2,5,,,,,,,,,,,,,,,1,
2026-08-19T17:26:56,VLO,4h,sell,2026-08-19T14:21,sell,1,344.87,USD,69.1976330960789,,,0,0,899.6350970310168,1,0,clear,,0.2,5,,,,,,,,,,,,,,,1,
2026-08-19T17:26:56,VLO,4h,sell,2026-08-19T17:26,sell,1,344.87,USD,69.1976330960789,,,0,0,899.6350970310168,1,0,clear,,0.2,5,,,,,,,,,,,,,,,1,
2026-08-19T17:26:57,TMO,1d,sell,2026-08-13,sell,0,610.65,USD,69.93887723622834,560.0,-0.08294440350446243,1,0,7.601479432074029,1,0,clear,,0.3,2,,,,,,,,,,,,,,,1,
2026-08-19T17:52:05,ANET,1h,buy,2026-08-19T17:51,strong,1,188.005,USD,32.8761456226279,230.0,0.223371718837265,1,1,24.726700747149035,1,1,clear,,0.1,10,,,,,,,,,,,,,,,1,
2026-08-19T17:52:05,JCI,1h,buy,2026-08-19T17:51,signal,1,147.045,USD,30.89264415533509,,,0,0,70.84942084942087,1,1,clear,,0.1,10,,,,,,,,,,,,,,,1,
2026-08-19T17:52:05,GEV,1h,buy,2026-08-19T17:51,signal,1,983.245,USD,30.229407549125185,1050.0,0.06789253949931096,1,0,735.9407527936638,1,1,clear,,0.1,10,,,,,,,,,,,,,,,1,
2026-08-19T17:52:05,VRT,1h,buy,2026-08-19T17:51,signal,1,263.49,USD,31.10288774882001,29.0,-0.8899388971118448,1,0,111.13128224727693,1,1,clear,,0.1,10,,,,,,,,,,,,,,,1,
2026-08-19T17:52:05,DELL,1h,buy,2026-08-19T17:51,signal,1,440.26,USD,33.181139321900176,460.0,0.04483714168900198,1,0,100.63934948979589,1,1,clear,,0.1,10,,,,,,,,,,,,,,,1,
2026-08-19T17:52:05,EMR,1h,buy,2026-08-19T17:51,signal,1,158.12,USD,35.359436650258104,104.0,-0.34227169238553,1,0,-1.699102117970537,1,0,clear,,0.1,10,,,,,,,,,,,,,,,1,
2026-08-19T17:52:05,JNJ,1h,sell,2026-08-19T17:51,sell_strong,1,272.57,USD,69.59245831608094,190.0,-0.3029313570825843,1,1,-7.724064171122985,1,1,clear,,0.1,10,,,,,,,,,,,,,,,1,
2026-08-19T17:52:05,NSC,1h,sell,2026-08-19T17:51,sell,1,347.13,USD,59.96870604533956,,,0,0,-20.859119530848844,1,1,clear,,0.1,10,,,,,,,,,,,,,,,1,
2026-08-19T17:52:05,NEM,1h,sell,2026-08-19T17:51,sell,1,123.75,USD,63.820349514285766,67.0,-0.4585858585858586,1,1,42.18029048995494,1,0,clear,,0.1,10,,,,,,,,,,,,,,,1,
2026-08-19T17:52:05,MDT,1h,sell,2026-08-19T17:51,sell,1,93.63,USD,65.40039793550653,112.0,0.19619779985047534,1,0,3.002073255010367,1,0,clear,,0.1,10,,,,,,,,,,,,,,,1,
2026-08-19T17:52:05,BMY,1h,sell,2026-08-19T17:51,sell,1,67.28,USD,65.98028818159918,,,0,0,83.16587983698503,1,0,clear,,0.1,10,,,,,,,,,,,,,,,1,
2026-08-19T17:52:05,CMCSA,1h,sell,2026-08-19T17:51,sell,1,26.66,USD,66.31653750275888,36.0,0.350337584396099,1,0,-49.000049543375226,1,1,clear,,0.1,10,,,,,,,,,,,,,,,1,
2026-08-19T17:52:05,ICE,1h,sell,2026-08-19T17:51,sell,1,158.615,USD,66.3330310477321,182.0,0.1474324622513633,1,0,35.9202242014742,1,0,clear,,0.1,10,,,,,,,,,,,,,,,1,
2026-08-19T17:52:05,CRM,1h,sell,2026-08-19T16:30,sell,1,205.6199,USD,68.00388537369345,280.0,0.3617359020211565,1,0,35.12270658345455,1,0,clear,,0.1,10,,,,,,,,,,,,,,,1,
2026-08-19T17:52:05,MSI,1h,sell,2026-08-19T17:51,sell,1,482.52,USD,68.40369207610101,,,0,0,2.1851634244689984,1,0,clear,,0.1,10,,,,,,,,,,,,,,,1,
2026-08-19T17:52:05,REGN,1h,sell,2026-08-19T17:51,sell,1,836.7301,USD,69.0536032444448,730.0,-0.1275561856804243,1,1,1.954010824539639,1,0,clear,,0.1,10,,,,,,,,,,,,,,,1,
2026-08-19T17:52:05,ABT,1h,sell,2026-08-18T19:30,sell,0,114.57,USD,69.20389689062483,107.0,-0.06607314305664654,1,0,-61.310089540293134,1,1,clear,,0.1,10,,,,,,,,,,,,,,,1,
2026-08-19T17:52:05,ABT,1h,sell,2026-08-19T17:30,sell,1,114.57,USD,69.20389689062483,107.0,-0.06607314305664654,1,0,-61.310089540293134,1,1,clear,,0.1,10,,,,,,,,,,,,,,,1,
2026-08-19T17:52:05,HEIA,4h,buy,2026-08-19T17:51,signal,1,71.98,EUR,31.24455367718896,86.0,0.19477632675743256,1,0,26.557224717360995,1,1,clear,,0.2,5,,,,,,,,,,,,,,,1,
2026-08-19T17:52:05,AALB,4h,buy,2026-08-19T17:51,signal,1,42.52,EUR,31.676054989215615,43.93,0.033160865475070474,1,0,1.693801562385932,1,1,clear,,0.2,5,,,,,,,,,,,,,,,1,
2026-08-19T17:52:05,T,4h,sell,2026-08-19T17:30,sell,1,25.13,USD,67.35252698481784,27.0,0.07441305212892961,1,0,72.38057234066811,1,0,clear,,0.2,5,,,,,,,,,,,,,,,1,
2026-08-19T17:52:05,SCHW,4h,sell,2026-08-19T17:51,sell,1,111.181,USD,67.42434289478058,124.0,0.11529847725780487,1,0,48.05481517378779,1,0,clear,,0.2,5,,,,,,,,,,,,,,,1,
2026-08-19T17:52:05,VLO,4h,sell,2026-08-19T17:51,sell,1,343.69,USD,67.54617847981731,,,0,0,899.6350970310168,1,0,clear,,0.2,5,,,,,,,,,,,,,,,1,
2026-08-19T17:52:05,BMY,4h,sell,2026-08-19T17:51,sell,1,67.28,USD,69.74535835122362,,,0,0,83.16587983698503,1,0,clear,,0.2,5,,,,,,,,,,,,,,,1,
2026-08-19T18:34:22,ANET,1h,buy,2026-08-19T18:34,strong,1,187.33,USD,31.854442407833446,230.0,0.22777985373405213,1,1,24.726700747149035,1,1,clear,,0.1,10,,,,,,,,,,,,,,,1,
2026-08-19T18:34:22,DELL,1h,buy,2026-08-19T18:34,signal,1,436.72,USD,31.715571665136338,460.0,0.05330646638578487,1,0,100.63934948979589,1,1,clear,,0.1,10,,,,,,,,,,,,,,,1,
2026-08-19T18:34:22,EMR,1h,buy,2026-08-19T18:34,signal,1,157.96,USD,34.805780064448854,104.0,-0.3416054697391745,1,0,-1.699102117970537,1,0,clear,,0.1,10,,,,,,,,,,,,,,,1,
2026-08-19T18:34:22,NSC,1h,sell,2026-08-19T18:34,sell,1,346.77,USD,59.07026645796039,,,0,0,-20.859119530848844,1,1,clear,,0.1,10,,,,,,,,,,,,,,,1,
2026-08-19T18:34:22,NEM,1h,sell,2026-08-19T18:34,sell,1,123.407511,USD,62.23166994364021,67.0,-0.4570832888769631,1,1,42.18029048995494,1,0,clear,,0.1,10,,,,,,,,,,,,,,,1,
2026-08-19T18:34:22,ICE,1h,sell,2026-08-19T18:34,sell,1,158.13,USD,62.66238834703849,182.0,0.15095174856131036,1,0,35.9202242014742,1,0,clear,,0.1,10,,,,,,,,,,,,,,,1,
2026-08-19T18:34:22,MDT,1h,sell,2026-08-19T18:34,sell,1,93.75,USD,66.1743329006412,112.0,0.19466666666666665,1,0,3.002073255010367,1,0,clear,,0.1,10,,,,,,,,,,,,,,,1,
2026-08-19T18:34:22,MSI,1h,sell,2026-08-19T18:34,sell,1,481.31,USD,66.50121136755325,,,0,0,2.1851634244689984,1,0,clear,,0.1,10,,,,,,,,,,,,,,,1,
2026-08-19T18:34:22,BMY,1h,sell,2026-08-19T18:34,sell,1,67.55,USD,67.72770091872613,,,0,0,83.16587983698503,1,0,clear,,0.1,10,,,,,,,,,,,,,,,1,
2026-08-19T18:34:22,MCO,1h,sell,2026-08-19T14:02,sell,1,500.8,USD,68.00904454273103,520.0,0.038338658146964834,1,0,34.02768924810688,1,0,clear,,0.1,10,,,,,,,,,,,,,,,1,
2026-08-19T18:34:22,MCO,1h,sell,2026-08-19T18:34,sell,1,500.8,USD,68.00904454273103,520.0,0.038338658146964834,1,0,34.02768924810688,1,0,clear,,0.1,10,,,,,,,,,,,,,,,1,
2026-08-19T18:34:22,CMCSA,1h,sell,2026-08-19T18:34,sell,1,26.815,USD,69.13108815011162,36.0,0.3425321648331157,1,0,-49.000049543375226,1,1,clear,,0.1,10,,,,,,,,,,,,,,,1,
2026-08-19T18:34:22,CRM,1h,sell,2026-08-19T18:32,sell,1,206.48,USD,69.74345981150638,280.0,0.3560635412630764,1,0,35.12270658345455,1,0,clear,,0.1,10,,,,,,,,,,,,,,,1,
2026-08-19T18:34:23,HEIA,4h,buy,2026-08-19T18:34,signal,1,71.98,EUR,31.24455367718896,86.0,0.19477632675743256,1,0,26.557224717360995,1,1,clear,,0.2,5,,,,,,,,,,,,,,,1,
2026-08-19T18:34:23,AALB,4h,buy,2026-08-19T18:34,signal,1,42.52,EUR,31.676054989215615,43.93,0.033160865475070474,1,0,1.693801562385932,1,1,clear,,0.2,5,,,,,,,,,,,,,,,1,
2026-08-19T18:34:23,CDNS,4h,buy,2026-08-19T18:34,signal,1,317.57,USD,32.19745817331135,350.0,0.10211921781024659,1,0,35.99761891877266,1,1,clear,,0.2,5,,,,,,,,,,,,,,,1,
2026-08-19T18:34:23,SCHW,4h,sell,2026-08-19T18:34,sell,1,110.83,USD,64.46117468264944,124.0,0.11883064152305334,1,0,48.05481517378779,1,0,clear,,0.2,5,,,,,,,,,,,,,,,1,
2026-08-19T18:34:23,VLO,4h,sell,2026-08-19T18:34,sell,1,345.4,USD,69.02922446406907,,,0,0,899.6350970310168,1,0,clear,,0.2,5,,,,,,,,,,,,,,,1,
2026-08-19T19:24:36,ANET,1h,buy,2026-08-19T19:24,strong,1,188.375,USD,34.21734817016372,230.0,0.22096881220968811,1,1,24.726700747149035,1,1,clear,,0.1,10,,,,,,,,,,,,,,,1,
2026-08-19T19:24:36,DELL,1h,buy,2026-08-19T19:24,signal,1,433.87,USD,30.56929062579691,460.0,0.060225413142185436,1,0,100.63934948979589,1,1,clear,,0.1,10,,,,,,,,,,,,,,,1,
2026-08-19T19:24:36,EMR,1h,buy,2026-08-19T19:24,signal,1,157.525,USD,32.370727750566076,104.0,-0.3397873353435963,1,0,-1.699102117970537,1,0,clear,,0.1,10,,,,,,,,,,,,,,,1,
2026-08-19T19:24:36,LCID,1h,buy,2026-08-19T18:30,signal,1,5.8015,USD,32.81410207847864,9.31,0.6047573903300871,1,1,-18.661776436721798,1,0,clear,,0.1,10,,,,,,,,,,,,,,,1,
2026-08-19T19:24:36,NSC,1h,sell,2026-08-19T19:24,sell,1,345.78,USD,56.59280501749664,,,0,0,-20.859119530848844,1,1,clear,,0.1,10,,,,,,,,,,,,,,,1,
2026-08-19T19:24:36,ICE,1h,sell,2026-08-19T19:24,sell,1,158.16,USD,62.81719389962387,182.0,0.15073343449671223,1,0,35.9202242014742,1,0,clear,,0.1,10,,,,,,,,,,,,,,,1,
2026-08-19T19:24:36,MSI,1h,sell,2026-08-19T19:24,sell,1,479.78,USD,63.647375586080145,,,0,0,2.1851634244689984,1,0,clear,,0.1,10,,,,,,,,,,,,,,,1,
2026-08-19T19:24:36,CMCSA,1h,sell,2026-08-19T19:24,sell,1,26.675,USD,64.83633709632605,36.0,0.34957825679475163,1,0,-49.000049543375226,1,1,clear,,0.1,10,,,,,,,,,,,,,,,1,
2026-08-19T19:24:36,NEM,1h,sell,2026-08-19T19:24,sell,1,124.74,USD,65.36385727649775,67.0,-0.46288279621612954,1,1,42.18029048995494,1,0,clear,,0.1,10,,,,,,,,,,,,,,,1,
2026-08-19T19:24:36,MCO,1h,sell,2026-08-19T19:24,sell,1,499.835,USD,66.03495711138558,520.0,0.04034331329338686,1,0,34.02768924810688,1,0,clear,,0.1,10,,,,,,,,,,,,,,,1,
2026-08-19T19:24:36,MDT,1h,sell,2026-08-19T19:24,sell,1,94.0,USD,67.77316381079217,112.0,0.19148936170212766,1,0,3.002073255010367,1,0,clear,,0.1,10,,,,,,,,,,,,,,,1,
2026-08-19T19:24:36,NFLX,1h,sell,2026-08-19T18:30,sell,1,80.5,USD,68.69720727327626,80.0,-0.006211180124223602,1,0,35.26804738770987,1,0,clear,,0.1,10,,,,,,,,,,,,,,,1,
2026-08-19T19:24:36,TGT,1h,sell,2026-08-19T19:23,suspended,1,160.66,USD,68.34411417991059,121.0,-0.24685671604630896,1,1,-16.704953890458228,1,1,before,0,0.1,10,,,,,,,,,,,,,,,1,
2026-08-19T19:24:37,CDNS,4h,buy,2026-08-19T19:24,signal,1,316.66,USD,30.60452341548384,350.0,0.10528642708267534,1,0,35.99761891877266,1,1,clear,,0.2,5,,,,,,,,,,,,,,,1,
2026-08-19T19:24:37,HEIA,4h,buy,2026-08-19T19:24,signal,1,71.98,EUR,31.24455367718896,86.0,0.19477632675743256,1,0,26.557224717360995,1,1,clear,,0.2,5,,,,,,,,,,,,,,,1,
2026-08-19T19:24:37,AALB,4h,buy,2026-08-19T19:24,signal,1,42.52,EUR,31.676054989215615,43.93,0.033160865475070474,1,0,1.693801562385932,1,1,clear,,0.2,5,,,,,,,,,,,,,,,1,
2026-08-19T19:24:37,SCHW,4h,sell,2026-08-19T19:24,sell,1,111.12,USD,66.65830131815308,124.0,0.11591072714182861,1,0,48.05481517378779,1,0,clear,,0.2,5,,,,,,,,,,,,,,,1,
2026-08-19T19:24:37,VLO,4h,sell,2026-08-19T19:24,sell,1,346.3,USD,69.59844293968797,,,0,0,899.6350970310168,1,0,clear,,0.2,5,,,,,,,,,,,,,,,1,
2026-08-19T19:51:11,BA,1h,buy,2026-08-18T15:30,strong,0,222.16,USD,30.793303190262975,246.0,0.10731004681310768,1,1,,0,0,clear,,0.1,10,,,,,,,,,,,,,,,1,
2026-08-19T19:51:11,BA,1h,buy,2026-08-19T18:30,strong,1,222.16,USD,30.793303190262975,246.0,0.10731004681310768,1,1,,0,0,clear,,0.1,10,,,,,,,,,,,,,,,1,
2026-08-19T19:51:11,BA,1h,buy,2026-08-19T19:50,strong,1,222.16,USD,30.793303190262975,246.0,0.10731004681310768,1,1,,0,0,clear,,0.1,10,,,,,,,,,,,,,,,1,
2026-08-19T19:51:11,ANET,1h,buy,2026-08-19T19:50,strong,1,187.55,USD,32.25397660852231,230.0,0.22633964276193008,1,1,24.726700747149035,1,1,clear,,0.1,10,,,,,,,,,,,,,,,1,
2026-08-19T19:51:11,CMI,1h,buy,2026-08-19T19:50,signal,1,608.355,USD,30.514797377239532,530.0,-0.12879815239457226,1,0,-7.964331234156232,1,0,clear,,0.1,10,,,,,,,,,,,,,,,1,
2026-08-19T19:51:11,CAT,1h,buy,2026-08-19T18:30,signal,1,814.68,USD,31.210915281093776,720.0,-0.11621741051701276,1,0,18.21556423399235,1,1,clear,,0.1,10,,,,,,,,,,,,,,,1,
2026-08-19T19:51:11,KLAC,1h,buy,2026-08-19T19:50,signal,1,187.93,USD,31.35205512551478,175.0,-0.06880221359016658,1,0,20.65993354607363,1,1,clear,,0.1,10,,,,,,,,,,,,,,,1,
2026-08-19T19:51:11,GEV,1h,buy,2026-08-19T19:50,signal,1,984.58,USD,32.77975459911663,1050.0,0.06644457535192666,1,0,735.9407527936638,1,1,clear,,0.1,10,,,,,,,,,,,,,,,1,
2026-08-19T19:51:11,DELL,1h,buy,2026-08-19T19:50,signal,1,437.04,USD,32.95430518076388,460.0,0.0525352370492403,1,0,100.63934948979589,1,1,clear,,0.1,10,,,,,,,,,,,,,,,1,
2026-08-19T19:51:11,CRWD,1h,buy,2026-08-19T13:50,signal,1,202.08,USD,33.69299514318185,133.0,-0.34184481393507526,1,0,73.039496279336,1,1,clear,,0.1,10,,,,,,,,,,,,,,,1,
2026-08-19T19:51:11,CRWD,1h,buy,2026-08-19T19:50,signal,1,202.08,USD,33.69299514318185,133.0,-0.34184481393507526,1,0,73.039496279336,1,1,clear,,0.1,10,,,,,,,,,,,,,,,1,
2026-08-19T19:51:11,EMR,1h,buy,2026-08-19T19:50,signal,1,157.7,USD,34.77981323980097,104.0,-0.3405199746353836,1,0,-1.699102117970537,1,0,clear,,0.1,10,,,,,,,,,,,,,,,1,
2026-08-19T19:51:11,ICE,1h,sell,2026-08-19T19:50,sell,1,156.65,USD,52.72074552854151,182.0,0.1618257261410788,1,0,35.9202242014742,1,0,clear,,0.1,10,,,,,,,,,,,,,,,1,
2026-08-19T19:51:11,NSC,1h,sell,2026-08-19T19:50,sell,1,346.2,USD,58.14688895142998,,,0,0,-20.859119530848844,1,1,clear,,0.1,10,,,,,,,,,,,,,,,1,
2026-08-19T19:51:11,MCO,1h,sell,2026-08-19T19:50,sell,1,498.27,USD,63.559479246486525,520.0,0.04361089369217496,1,0,34.02768924810688,1,0,clear,,0.1,10,,,,,,,,,,,,,,,1,
2026-08-19T19:51:11,CMCSA,1h,sell,2026-08-19T19:50,sell,1,26.695,USD,64.67269651740547,36.0,0.34856714740588124,1,0,-49.000049543375226,1,1,clear,,0.1,10,,,,,,,,,,,,,,,1,
2026-08-19T19:51:11,NEM,1h,sell,2026-08-19T19:50,sell,1,124.9,USD,65.77765203620123,67.0,-0.4635708566853483,1,1,42.18029048995494,1,0,clear,,0.1,10,,,,,,,,,,,,,,,1,
2026-08-19T19:51:11,MSI,1h,sell,2026-08-19T19:50,sell,1,481.74,USD,66.25953863568853,,,0,0,2.1851634244689984,1,0,clear,,0.1,10,,,,,,,,,,,,,,,1,
2026-08-19T19:51:11,MDT,1h,sell,2026-08-19T19:50,sell,1,93.84,USD,66.38230009189061,112.0,0.19352088661551572,1,0,3.002073255010367,1,0,clear,,0.1,10,,,,,,,,,,,,,,,1,
2026-08-19T19:51:11,BMY,1h,sell,2026-08-19T19:50,sell,1,67.71,USD,68.12615585389587,,,0,0,83.16587983698503,1,0,clear,,0.1,10,,,,,,,,,,,,,,,1,
2026-08-19T19:51:11,CRM,1h,sell,2026-08-19T19:30,sell,1,206.705,USD,69.50360161418945,280.0,0.354587455552599,1,0,35.12270658345455,1,0,clear,,0.1,10,,,,,,,,,,,,,,,1,
2026-08-19T19:51:11,EPAM,1h,sell,2026-08-19T14:33,sell,1,107.935,USD,69.61701639659265,136.0,0.2600176031871033,1,0,5.272989120360476,1,0,clear,,0.1,10,,,,,,,,,,,,,,,1,
2026-08-19T19:51:11,EPAM,1h,sell,2026-08-19T16:30,sell,1,107.935,USD,69.61701639659265,136.0,0.2600176031871033,1,0,5.272989120360476,1,0,clear,,0.1,10,,,,,,,,,,,,,,,1,
2026-08-19T19:51:11,EPAM,1h,sell,2026-08-19T19:30,sell,1,107.935,USD,69.61701639659265,136.0,0.2600176031871033,1,0,5.272989120360476,1,0,clear,,0.1,10,,,,,,,,,,,,,,,1,
2026-08-19T19:51:11,TGT,1h,sell,2026-08-19T18:30,suspended,1,160.365,USD,66.94940463101617,121.0,-0.24547126866835037,1,1,-16.704953890458228,1,1,before,0,0.1,10,,,,,,,,,,,,,,,1,
2026-08-19T19:51:12,HEIA,4h,buy,2026-08-19T19:50,signal,1,71.98,EUR,31.24455367718896,86.0,0.19477632675743256,1,0,26.557224717360995,1,1,clear,,0.2,5,,,,,,,,,,,,,,,1,
2026-08-19T19:51:12,AALB,4h,buy,2026-08-19T19:50,signal,1,42.52,EUR,31.676054989215615,43.93,0.033160865475070474,1,0,1.693801562385932,1,1,clear,,0.2,5,,,,,,,,,,,,,,,1,
2026-08-19T19:51:12,SCHW,4h,sell,2026-08-19T19:50,sell,1,110.79,USD,63.71990152885093,124.0,0.11923458795920203,1,0,48.05481517378779,1,0,clear,,0.2,5,,,,,,,,,,,,,,,1,
2026-08-19T19:51:12,VLO,4h,sell,2026-08-19T19:50,sell,1,345.49,USD,69.08710370909841,,,0,0,899.6350970310168,1,0,clear,,0.2,5,,,,,,,,,,,,,,,1,
2026-08-19T19:51:12,ABNB,4h,sell,2026-08-19T13:50,sell,1,186.7,USD,69.85362849808126,185.0,-0.009105516871987084,1,0,6.145049218297618,1,0,clear,,0.2,5,,,,,,,,,,,,,,,1,
2026-08-19T19:51:12,ABNB,4h,sell,2026-08-19T14:02,sell,1,186.7,USD,69.85362849808126,185.0,-0.009105516871987084,1,0,6.145049218297618,1,0,clear,,0.2,5,,,,,,,,,,,,,,,1,
2026-08-19T19:51:12,ABNB,4h,sell,2026-08-19T19:50,sell,1,186.7,USD,69.85362849808126,185.0,-0.009105516871987084,1,0,6.145049218297618,1,0,clear,,0.2,5,,,,,,,,,,,,,,,1,
2026-08-19T20:26:31,ANET,1h,buy,2026-08-19T20:26,strong,1,186.45,USD,30.357319017454273,230.0,0.2335746849021186,1,1,24.726700747149035,1,1,clear,,0.1,10,,,,,,,,,,,,,,,1,
2026-08-19T20:26:31,WFC,1h,buy,2026-08-19T19:30,signal,1,85.94,USD,30.39447275803124,90.0,0.04724226204328604,1,0,18.045551210811553,1,1,clear,,0.1,10,,,,,,,,,,,,,,,1,
2026-08-19T20:26:31,KLAC,1h,buy,2026-08-19T20:26,signal,1,187.27,USD,30.50361216920497,175.0,-0.06552037165589795,1,0,20.65993354607363,1,1,clear,,0.1,10,,,,,,,,,,,,,,,1,
2026-08-19T20:26:31,CRWD,1h,buy,2026-08-19T20:26,signal,1,201.63,USD,32.13901741113946,133.0,-0.34037593612061695,1,0,73.039496279336,1,1,clear,,0.1,10,,,,,,,,,,,,,,,1,
2026-08-19T20:26:31,DELL,1h,buy,2026-08-19T20:26,signal,1,437.55,USD,33.39709123260495,460.0,0.051308421894640584,1,0,100.63934948979589,1,1,clear,,0.1,10,,,,,,,,,,,,,,,1,
2026-08-19T20:26:31,EMR,1h,buy,2026-08-19T20:26,signal,1,157.6,USD,33.53195087503252,104.0,-0.34010152284263956,1,0,-1.699102117970537,1,0,clear,,0.1,10,,,,,,,,,,,,,,,1,
2026-08-19T20:26:31,GEV,1h,buy,2026-08-19T20:26,signal,1,987.46,USD,33.86334433449666,1050.0,0.0633342110060154,1,0,735.9407527936638,1,1,clear,,0.1,10,,,,,,,,,,,,,,,1,
2026-08-19T20:26:31,JNJ,1h,sell,2026-08-19T19:30,sell_strong,1,273.41,USD,69.8382944494077,190.0,-0.30507296733842953,1,1,-7.724064171122985,1,1,clear,,0.1,10,,,,,,,,,,,,,,,1,
2026-08-19T20:26:31,ICE,1h,sell,2026-08-19T20:26,sell,1,157.24,USD,56.272965741233925,182.0,0.15746629356397857,1,0,35.9202242014742,1,0,clear,,0.1,10,,,,,,,,,,,,,,,1,
2026-08-19T20:26:31,NSC,1h,sell,2026-08-19T20:26,sell,1,345.84,USD,56.71268744376184,,,0,0,-20.859119530848844,1,1,clear,,0.1,10,,,,,,,,,,,,,,,1,
2026-08-19T20:26:31,MCO,1h,sell,2026-08-19T20:26,sell,1,497.03,USD,60.957580133883745,520.0,0.046214514214433795,1,0,34.02768924810688,1,0,clear,,0.1,10,,,,,,,,,,,,,,,1,
2026-08-19T20:26:31,CMCSA,1h,sell,2026-08-19T20:26,sell,1,26.59,USD,61.666079585348015,36.0,0.3538924407672057,1,0,-49.000049543375226,1,1,clear,,0.1,10,,,,,,,,,,,,,,,1,
2026-08-19T20:26:31,MSI,1h,sell,2026-08-19T20:26,sell,1,480.52,USD,64.83683254841841,,,0,0,2.1851634244689984,1,0,clear,,0.1,10,,,,,,,,,,,,,,,1,
2026-08-19T20:26:31,NEM,1h,sell,2026-08-19T20:26,sell,1,125.08,USD,66.14785953316094,67.0,-0.4643428205948193,1,1,42.18029048995494,1,0,clear,,0.1,10,,,,,,,,,,,,,,,1,
2026-08-19T20:26:31,BMY,1h,sell,2026-08-19T20:26,sell,1,67.62,USD,66.8745242578942,,,0,0,83.16587983698503,1,0,clear,,0.1,10,,,,,,,,,,,,,,,1,
2026-08-19T20:26:31,MDT,1h,sell,2026-08-19T20:26,sell,1,94.13,USD,68.63152697613083,112.0,0.1898438329969192,1,0,3.002073255010367,1,0,clear,,0.1,10,,,,,,,,,,,,,,,1,
2026-08-19T20:26:31,LLY,1h,sell,2026-08-19T19:30,sell,1,1280.34,USD,69.88872148813715,980.0,-0.2345783151350422,1,1,95.1428306190653,1,0,clear,,0.1,10,,,,,,,,,,,,,,,1,
2026-08-19T20:26:31,REGN,1h,sell,2026-08-19T20:26,sell,1,840.84,USD,69.92648576171952,730.0,-0.131820560391989,1,1,1.954010824539639,1,0,clear,,0.1,10,,,,,,,,,,,,,,,1,
2026-08-19T20:26:32,HEIA,4h,buy,2026-08-19T20:26,signal,1,71.98,EUR,31.24455367718896,86.0,0.19477632675743256,1,0,26.557224717360995,1,1,clear,,0.2,5,,,,,,,,,,,,,,,1,
2026-08-19T20:26:32,AALB,4h,buy,2026-08-19T20:26,signal,1,42.52,EUR,31.676054989215615,43.93,0.033160865475070474,1,0,1.693801562385932,1,1,clear,,0.2,5,,,,,,,,,,,,,,,1,
2026-08-19T20:26:32,SCHW,4h,sell,2026-08-19T20:26,sell,1,110.88,USD,64.92272611551574,124.0,0.11832611832611838,1,0,48.05481517378779,1,0,clear,,0.2,5,,,,,,,,,,,,,,,1,
2026-08-19T20:26:32,ABNB,4h,sell,2026-08-19T20:26,sell,1,186.39,USD,69.23755390663348,185.0,-0.007457481624550601,1,0,6.145049218297618,1,0,clear,,0.2,5,,,,,,,,,,,,,,,1,
2026-08-19T20:26:32,VLO,4h,sell,2026-08-19T20:26,sell,1,346.3,USD,69.59844293968797,,,0,0,899.6350970310168,1,0,clear,,0.2,5,,,,,,,,,,,,,,,1,
2026-08-19T20:26:32,TGT,4h,sell,2026-08-19T13:50,suspended,1,159.0,USD,67.90414264954913,121.0,-0.2389937106918239,1,1,-16.704953890458228,1,1,before,0,0.2,5,,,,,,,,,,,,,,,1,
2026-08-19T20:26:32,TGT,4h,sell,2026-08-19T17:30,suspended,1,159.0,USD,67.90414264954913,121.0,-0.2389937106918239,1,1,-16.704953890458228,1,1,before,0,0.2,5,,,,,,,,,,,,,,,1,
2026-08-19T20:55:43,ANET,1h,buy,2026-08-19T20:55,strong,1,186.45,USD,30.357319017454273,230.0,0.2335746849021186,1,1,24.726700747149035,1,1,clear,,0.1,10,,,,,,,,,,,,,,,1,
2026-08-19T20:55:43,KLAC,1h,buy,2026-08-19T20:55,signal,1,187.27,USD,30.50361216920497,175.0,-0.06552037165589795,1,0,20.65993354607363,1,1,clear,,0.1,10,,,,,,,,,,,,,,,1,
2026-08-19T20:55:43,CRWD,1h,buy,2026-08-19T20:55,signal,1,201.63,USD,32.13901741113946,133.0,-0.34037593612061695,1,0,73.039496279336,1,1,clear,,0.1,10,,,,,,,,,,,,,,,1,
2026-08-19T20:55:43,DELL,1h,buy,2026-08-19T20:55,signal,1,437.55,USD,33.39709123260495,460.0,0.051308421894640584,1,0,100.63934948979589,1,1,clear,,0.1,10,,,,,,,,,,,,,,,1,
2026-08-19T20:55:43,EMR,1h,buy,2026-08-19T20:55,signal,1,157.6,USD,33.53195087503252,104.0,-0.34010152284263956,1,0,-1.699102117970537,1,0,clear,,0.1,10,,,,,,,,,,,,,,,1,
2026-08-19T20:55:43,GEV,1h,buy,2026-08-19T20:55,signal,1,987.46,USD,33.86334433449666,1050.0,0.0633342110060154,1,0,735.9407527936638,1,1,clear,,0.1,10,,,,,,,,,,,,,,,1,
2026-08-19T20:55:43,ICE,1h,sell,2026-08-19T20:55,sell,1,157.24,USD,56.272965741233925,182.0,0.15746629356397857,1,0,35.9202242014742,1,0,clear,,0.1,10,,,,,,,,,,,,,,,1,
2026-08-19T20:55:43,NSC,1h,sell,2026-08-19T20:55,sell,1,345.84,USD,56.71268744376184,,,0,0,-20.859119530848844,1,1,clear,,0.1,10,,,,,,,,,,,,,,,1,
2026-08-19T20:55:43,MCO,1h,sell,2026-08-19T20:55,sell,1,497.03,USD,60.957580133883745,520.0,0.046214514214433795,1,0,34.02768924810688,1,0,clear,,0.1,10,,,,,,,,,,,,,,,1,
2026-08-19T20:55:43,CMCSA,1h,sell,2026-08-19T20:55,sell,1,26.59,USD,61.666079585348015,36.0,0.3538924407672057,1,0,-49.000049543375226,1,1,clear,,0.1,10,,,,,,,,,,,,,,,1,
2026-08-19T20:55:43,MSI,1h,sell,2026-08-19T20:55,sell,1,480.52,USD,64.83683254841841,,,0,0,2.1851634244689984,1,0,clear,,0.1,10,,,,,,,,,,,,,,,1,
2026-08-19T20:55:43,NEM,1h,sell,2026-08-19T20:55,sell,1,125.08,USD,66.14785953316094,67.0,-0.4643428205948193,1,1,42.18029048995494,1,0,clear,,0.1,10,,,,,,,,,,,,,,,1,
2026-08-19T20:55:43,BMY,1h,sell,2026-08-19T20:55,sell,1,67.62,USD,66.8745242578942,,,0,0,83.16587983698503,1,0,clear,,0.1,10,,,,,,,,,,,,,,,1,
2026-08-19T20:55:43,MDT,1h,sell,2026-08-19T20:55,sell,1,94.13,USD,68.63152697613083,112.0,0.1898438329969192,1,0,3.002073255010367,1,0,clear,,0.1,10,,,,,,,,,,,,,,,1,
2026-08-19T20:55:43,REGN,1h,sell,2026-08-19T20:55,sell,1,840.84,USD,69.92648576171952,730.0,-0.131820560391989,1,1,1.954010824539639,1,0,clear,,0.1,10,,,,,,,,,,,,,,,1,
2026-08-19T20:55:44,HEIA,4h,buy,2026-08-19T20:55,signal,1,71.98,EUR,31.24455367718896,86.0,0.19477632675743256,1,0,26.557224717360995,1,1,clear,,0.2,5,,,,,,,,,,,,,,,1,
2026-08-19T20:55:44,AALB,4h,buy,2026-08-19T20:55,signal,1,42.52,EUR,31.676054989215615,43.93,0.033160865475070474,1,0,1.693801562385932,1,1,clear,,0.2,5,,,,,,,,,,,,,,,1,
2026-08-19T20:55:44,SCHW,4h,sell,2026-08-19T20:55,sell,1,110.88,USD,64.92272611551574,124.0,0.11832611832611838,1,0,48.05481517378779,1,0,clear,,0.2,5,,,,,,,,,,,,,,,1,
2026-08-19T20:55:44,ABNB,4h,sell,2026-08-19T20:55,sell,1,186.39,USD,69.23755390663348,185.0,-0.007457481624550601,1,0,6.145049218297618,1,0,clear,,0.2,5,,,,,,,,,,,,,,,1,
2026-08-19T20:55:44,VLO,4h,sell,2026-08-19T20:55,sell,1,346.3,USD,69.59844293968797,,,0,0,899.6350970310168,1,0,clear,,0.2,5,,,,,,,,,,,,,,,1,
2026-08-19T21:32:00,ANET,1h,buy,2026-08-19T21:31,strong,1,186.45,USD,30.357319017454273,230.0,0.2335746849021186,1,1,24.726700747149035,1,1,clear,,0.1,10,,,,,,,,,,,,,,,1,
2026-08-19T21:32:00,KLAC,1h,buy,2026-08-19T21:31,signal,1,187.27,USD,30.50361216920497,175.0,-0.06552037165589795,1,0,20.65993354607363,1,1,clear,,0.1,10,,,,,,,,,,,,,,,1,
2026-08-19T21:32:00,CRWD,1h,buy,2026-08-19T21:31,signal,1,201.63,USD,32.13901741113946,133.0,-0.34037593612061695,1,0,73.039496279336,1,1,clear,,0.1,10,,,,,,,,,,,,,,,1,
2026-08-19T21:32:00,DELL,1h,buy,2026-08-19T21:31,signal,1,437.55,USD,33.39709123260495,460.0,0.051308421894640584,1,0,100.63934948979589,1,1,clear,,0.1,10,,,,,,,,,,,,,,,1,
2026-08-19T21:32:00,EMR,1h,buy,2026-08-19T21:31,signal,1,157.6,USD,33.53195087503252,104.0,-0.34010152284263956,1,0,-1.699102117970537,1,0,clear,,0.1,10,,,,,,,,,,,,,,,1,
2026-08-19T21:32:00,GEV,1h,buy,2026-08-19T21:31,signal,1,987.46,USD,33.86334433449666,1050.0,0.0633342110060154,1,0,735.9407527936638,1,1,clear,,0.1,10,,,,,,,,,,,,,,,1,
2026-08-19T21:32:00,ICE,1h,sell,2026-08-19T21:31,sell,1,157.24,USD,56.272965741233925,182.0,0.15746629356397857,1,0,35.9202242014742,1,0,clear,,0.1,10,,,,,,,,,,,,,,,1,
2026-08-19T21:32:00,NSC,1h,sell,2026-08-19T21:31,sell,1,345.84,USD,56.71268744376184,,,0,0,-20.859119530848844,1,1,clear,,0.1,10,,,,,,,,,,,,,,,1,
2026-08-19T21:32:00,MCO,1h,sell,2026-08-19T21:31,sell,1,497.03,USD,60.957580133883745,520.0,0.046214514214433795,1,0,34.02768924810688,1,0,clear,,0.1,10,,,,,,,,,,,,,,,1,
2026-08-19T21:32:00,CMCSA,1h,sell,2026-08-19T21:31,sell,1,26.59,USD,61.666079585348015,36.0,0.3538924407672057,1,0,-49.000049543375226,1,1,clear,,0.1,10,,,,,,,,,,,,,,,1,
2026-08-19T21:32:00,MSI,1h,sell,2026-08-19T21:31,sell,1,480.52,USD,64.83683254841841,,,0,0,2.1851634244689984,1,0,clear,,0.1,10,,,,,,,,,,,,,,,1,
2026-08-19T21:32:00,NEM,1h,sell,2026-08-19T21:31,sell,1,125.08,USD,66.14785953316094,67.0,-0.4643428205948193,1,1,42.18029048995494,1,0,clear,,0.1,10,,,,,,,,,,,,,,,1,
2026-08-19T21:32:00,BMY,1h,sell,2026-08-19T21:31,sell,1,67.62,USD,66.8745242578942,,,0,0,83.16587983698503,1,0,clear,,0.1,10,,,,,,,,,,,,,,,1,
2026-08-19T21:32:00,MDT,1h,sell,2026-08-19T21:31,sell,1,94.13,USD,68.63152697613083,112.0,0.1898438329969192,1,0,3.002073255010367,1,0,clear,,0.1,10,,,,,,,,,,,,,,,1,
2026-08-19T21:32:00,REGN,1h,sell,2026-08-19T21:31,sell,1,840.84,USD,69.92648576171952,730.0,-0.131820560391989,1,1,1.954010824539639,1,0,clear,,0.1,10,,,,,,,,,,,,,,,1,
2026-08-19T21:32:01,HEIA,4h,buy,2026-08-19T21:31,signal,1,71.98,EUR,31.24455367718896,86.0,0.19477632675743256,1,0,26.557224717360995,1,1,clear,,0.2,5,,,,,,,,,,,,,,,1,
2026-08-19T21:32:01,AALB,4h,buy,2026-08-19T21:31,signal,1,42.52,EUR,31.676054989215615,43.93,0.033160865475070474,1,0,1.693801562385932,1,1,clear,,0.2,5,,,,,,,,,,,,,,,1,
2026-08-19T21:32:01,SCHW,4h,sell,2026-08-19T21:31,sell,1,110.88,USD,64.92272611551574,124.0,0.11832611832611838,1,0,48.05481517378779,1,0,clear,,0.2,5,,,,,,,,,,,,,,,1,
2026-08-19T21:32:01,ABNB,4h,sell,2026-08-19T21:31,sell,1,186.39,USD,69.23755390663348,185.0,-0.007457481624550601,1,0,6.145049218297618,1,0,clear,,0.2,5,,,,,,,,,,,,,,,1,
2026-08-19T21:32:01,VLO,4h,sell,2026-08-19T21:31,sell,1,346.3,USD,69.59844293968797,,,0,0,899.6350970310168,1,0,clear,,0.2,5,,,,,,,,,,,,,,,1,
2026-08-20T06:55:22,XIAOMI,1h,sell,2026-08-20T05:30,sell,1,28.08,HKD,65.36856375616412,33.0,0.17521367521367529,1,0,-11.205334023821855,1,1,clear,,0.1,10,,,,,,,,,,,,,,,1,
2026-08-20T07:40:09,AALB,1h,buy,2026-08-20T07:39,signal,1,42.74,EUR,40.669655840222944,43.93,0.02784277023865226,1,0,1.693801562385932,1,1,clear,,0.1,10,,,,,,,,,,,,,,,1,
2026-08-20T08:36:22,AKZA,1h,buy,2026-08-19T13:00,signal,0,60.4,EUR,42.30711411138527,60.0,-0.006622516556291367,1,0,53.0509245852811,1,1,clear,,0.1,10,,,,,,,,,,,,,,,1,
2026-08-20T08:36:22,AALB,1h,buy,2026-08-19T13:50,signal,0,42.84,EUR,45.09919269405064,43.93,0.025443510737628298,1,0,1.693801562385932,1,1,clear,,0.1,10,,,,,,,,,,,,,,,1,
2026-08-20T08:36:22,AALB,1h,buy,2026-08-19T14:02,signal,0,42.84,EUR,45.09919269405064,43.93,0.025443510737628298,1,0,1.693801562385932,1,1,clear,,0.1,10,,,,,,,,,,,,,,,1,
2026-08-20T08:36:22,AALB,1h,buy,2026-08-20T07:00,signal,1,42.84,EUR,45.09919269405064,43.93,0.025443510737628298,1,0,1.693801562385932,1,1,clear,,0.1,10,,,,,,,,,,,,,,,1,
2026-08-20T08:36:23,HEIA,4h,buy,2026-08-19T11:00,signal,0,72.02,EUR,33.707594061063645,86.0,0.19411274645931692,1,0,26.557224717360995,1,1,clear,,0.2,5,,,,,,,,,,,,,,,1,
2026-08-20T08:36:23,HEIA,4h,buy,2026-08-19T15:00,signal,0,72.02,EUR,33.707594061063645,86.0,0.19411274645931692,1,0,26.557224717360995,1,1,clear,,0.2,5,,,,,,,,,,,,,,,1,
2026-08-20T08:36:23,AALB,4h,buy,2026-08-19T15:00,signal,0,42.84,EUR,38.82370088563468,43.93,0.025443510737628298,1,0,1.693801562385932,1,1,clear,,0.2,5,,,,,,,,,,,,,,,1,
2026-08-20T08:36:23,PRX,4h,buy,2026-08-19T11:00,signal,0,37.825,EUR,40.74230374131319,72.0,0.9035029742233971,1,1,-5.198643108364039,1,0,clear,,0.2,5,,,,,,,,,,,,,,,1,
2026-08-20T09:33:11,ABN,1h,buy,2026-08-20T09:32,signal,1,40.15,EUR,31.580205500901357,39.0,-0.028642590286425868,1,0,9.433214427269125,1,1,clear,,0.1,10,,,,,,,,,,,,,,,1,
2026-08-20T10:30:00,ANET,1h,buy,2026-08-19T13:48,strong,0,186.45,USD,30.357319017454273,230.0,0.2335746849021186,1,1,24.726700747149035,1,1,clear,,0.1,10,7,amber,20.0,20.0,25.26492963332972,-5.2649296333297215,121.36119954009145,60.680599770045724,-0.34909520225212415,4,,,,,1,
2026-08-20T10:30:00,ANET,1h,buy,2026-08-19T14:30,strong,0,186.45,USD,30.357319017454273,230.0,0.2335746849021186,1,1,24.726700747149035,1,1,clear,,0.1,10,7,amber,20.0,20.0,25.26492963332972,-5.2649296333297215,121.36119954009145,60.680599770045724,-0.34909520225212415,4,,,,,1,
2026-08-20T10:30:00,ANET,1h,buy,2026-08-19T15:30,strong,0,186.45,USD,30.357319017454273,230.0,0.2335746849021186,1,1,24.726700747149035,1,1,clear,,0.1,10,7,amber,20.0,20.0,25.26492963332972,-5.2649296333297215,121.36119954009145,60.680599770045724,-0.34909520225212415,4,,,,,1,
2026-08-20T10:30:00,CDNS,1h,buy,2026-08-19T14:21,strong,0,314.98,USD,35.585210589991306,350.0,0.11118166232776677,1,1,35.99761891877266,1,1,clear,,0.1,10,4,red,14.704142250181606,5.258788429108837,26.06895727522315,-11.364815025041542,122.45947332399425,61.22973666199712,-0.6112150824687465,3,,,,,1,
2026-08-20T10:30:00,DELL,1h,buy,2026-08-19T14:30,signal,0,437.55,USD,33.39709123260495,460.0,0.051308421894640584,1,0,100.63934948979589,1,1,clear,,0.1,10,9,amber,20.0,20.0,18.85689817527455,1.1431018247254485,481.4999278430118,240.7499639215059,0.10044549844134791,4,,,,,1,
2026-08-20T10:30:00,DELL,1h,buy,2026-08-19T15:30,signal,0,437.55,USD,33.39709123260495,460.0,0.051308421894640584,1,0,100.63934948979589,1,1,clear,,0.1,10,9,amber,20.0,20.0,18.85689817527455,1.1431018247254485,481.4999278430118,240.7499639215059,0.10044549844134791,4,,,,,1,
2026-08-20T10:30:00,GEV,1h,buy,2026-08-19T16:30,signal,0,987.46,USD,33.86334433449666,1050.0,0.0633342110060154,1,0,735.9407527936638,1,1,clear,,0.1,10,9,amber,17.851175362437548,12.851175362437548,16.420635222826647,1.4305401396109012,1115.72984068521,557.864920342605,0.12989877127702393,4,,,,,1,
2026-08-20T10:30:00,GEV,1h,buy,2026-08-19T18:30,signal,0,987.46,USD,33.86334433449666,1050.0,0.0633342110060154,1,0,735.9407527936638,1,1,clear,,0.1,10,9,amber,17.851175362437548,12.851175362437548,16.420635222826647,1.4305401396109012,1115.72984068521,557.864920342605,0.12989877127702393,4,,,,,1,
2026-08-20T10:30:00,KLAC,1h,buy,2026-08-19T18:30,signal,0,187.27,USD,30.50361216920497,175.0,-0.06552037165589795,1,0,20.65993354607363,1,1,clear,,0.1,10,6,amber,16.72104397048045,11.721043970480453,23.51260457458396,-6.791560604103509,106.37682977130308,53.18841488565154,-0.4319601122907937,3,,,,,1,
2026-08-20T10:30:00,GLW,1h,buy,2026-08-19T15:30,signal,0,152.46,USD,32.70464343643826,155.0,0.016660107569198425,1,0,130.83112758073054,1,1,clear,,0.1,10,6,amber,20.0,19.414331972406025,27.458791821956133,-7.458791821956133,83.42004137628707,41.71002068814354,-0.45283981781262583,3,,,,,1,
2026-08-20T10:30:00,GLW,1h,buy,2026-08-19T19:30,signal,0,152.46,USD,32.70464343643826,155.0,0.016660107569198425,1,0,130.83112758073054,1,1,clear,,0.1,10,6,amber,20.0,19.414331972406025,27.458791821956133,-7.458791821956133,83.42004137628707,41.71002068814354,-0.45283981781262583,3,,,,,1,
2026-08-20T10:30:00,CRWD,1h,buy,2026-08-19T19:30,signal,0,201.63,USD,32.13901741113946,133.0,-0.34037593612061695,1,0,73.039496279336,1,1,clear,,0.1,10,,n/a,,,,,,,,,,,,,1,
2026-08-20T10:30:00,FTNT,1h,buy,2026-08-19T14:30,signal,0,152.85,USD,32.633490969324924,143.0,-0.06444226365718021,1,0,13.261763179949714,1,1,clear,,0.1,10,5,amber,13.261763179949714,7.21394135078951,24.173563532402625,-10.91180035245291,60.926632905691335,30.463316452845667,-0.6013959247256045,4,,,,,1,
2026-08-20T10:30:00,FTNT,1h,buy,2026-08-19T15:30,signal,0,152.85,USD,32.633490969324924,143.0,-0.06444226365718021,1,0,13.261763179949714,1,1,clear,,0.1,10,5,amber,13.261763179949714,7.21394135078951,24.173563532402625,-10.91180035245291,60.926632905691335,30.463316452845667,-0.6013959247256045,4,,,,,1,
2026-08-20T10:30:00,PH,1h,buy,2026-08-19T19:30,signal,0,1023.25,USD,33.46023649918017,680.0,-0.3354507696066455,1,0,5.031555509680472,1,1,clear,,0.1,10,3,red,5.031555509680472,5.015523713301716,19.242254483035353,-14.21069897335488,115.78977161247082,57.89488580623541,-0.8868411711581033,2,,,,,1,
2026-08-20T10:30:00,EMR,1h,buy,2026-08-19T15:30,signal,0,157.6,USD,33.53195087503252,104.0,-0.34010152284263956,1,0,-1.699102117970537,1,0,clear,,0.1,10,2,red,4.821378340365682,0.0,18.742998655001564,-13.921620314635883,17.467709184605432,8.733854592302716,-0.8891642818235695,1,,,,,1,
2026-08-20T10:30:00,EQIX,1h,buy,2026-08-19T17:30,signal,0,1077.08,USD,50.22900323205458,1100.0,0.021279756378356364,1,0,52.11304833041284,1,1,clear,,0.1,10,2,red,14.638823660963883,9.638823660963883,27.34670911643932,-12.707885455475438,376.4331893330152,188.2165946665076,-0.6505058219138641,1,,,,,1,
2026-08-20T10:30:00,PANW,1h,buy,2026-08-19T14:30,signal,0,359.76,USD,36.33085485833238,285.0,-0.2078052034689793,1,0,-30.432045779685268,1,0,clear,,0.1,10,1,red,0.0,0.0,47.238873228698694,-47.238873228698694,2.4040195778588185,1.2020097889294092,-0.9933177129812686,2,,,,,1,
2026-08-20T10:30:00,PANW,1h,buy,2026-08-19T15:30,signal,0,359.76,USD,36.33085485833238,285.0,-0.2078052034689793,1,0,-30.432045779685268,1,0,clear,,0.1,10,1,red,0.0,0.0,47.238873228698694,-47.238873228698694,2.4040195778588185,1.2020097889294092,-0.9933177129812686,2,,,,,1,
2026-08-20T10:30:00,MPC,1h,sell,2026-08-19T13:50,sell,0,360.75,USD,56.21498810837299,186.0,-0.48440748440748443,1,1,330.27183171616923,1,0,clear,,0.1,10,10,amber,20.0,15.187181048153745,9.833733392752386,10.166266607247614,1111.3552939156712,555.6776469578356,2.0806799554141957,4,,,,,1,
2026-08-20T10:30:00,NEM,1h,sell,2026-08-19T16:30,sell,0,125.08,USD,66.14785953316094,67.0,-0.4643428205948193,1,1,42.18029048995494,1,0,clear,,0.1,10,10,green,20.0,20.0,11.125406122891786,8.874593877108214,303.0127207005001,151.50636035025005,1.4225513327510402,4,,,,,1,
2026-08-20T10:30:00,ICE,1h,sell,2026-08-19T15:30,sell,0,157.24,USD,56.27296574123393,182.0,0.15746629356397857,1,0,35.9202242014742,1,0,clear,,0.1,10,9,green,17.598560164552623,12.598560164552621,13.645252234742898,3.953307929809725,221.34520101515005,110.67260050757503,0.4076901616328545,3,,,,,1,
2026-08-20T10:30:00,MCO,1h,sell,2026-08-19T17:30,sell,0,497.03,USD,60.957580133883745,520.0,0.046214514214433795,1,0,34.02768924810688,1,0,clear,,0.1,10,8,green,16.67373751197482,11.673737511974819,17.695173933335163,-1.0214364213603417,455.5406683487114,227.7703341743557,-0.08347450184352773,4,,,,,1,
2026-08-20T10:30:00,SPGI,1h,sell,2026-08-19T14:30,sell,0,426.66,USD,60.526666859588296,505.0,0.1836122439413115,1,0,26.218823258137665,1,0,clear,,0.1,10,7,amber,14.6741274916661,9.6741274916661,15.443695597029684,-0.7695681053635841,399.056292703331,199.5281463516655,-0.06469719987031601,2,,,,,1,
2026-08-20T10:30:00,SPGI,1h,sell,2026-08-19T15:30,sell,0,426.66,USD,60.526666859588296,505.0,0.1836122439413115,1,0,26.218823258137665,1,0,clear,,0.1,10,7,amber,14.6741274916661,9.6741274916661,15.443695597029684,-0.7695681053635841,399.056292703331,199.5281463516655,-0.06469719987031601,2,,,,,1,
2026-08-20T10:30:00,BMY,1h,sell,2026-08-19T15:30,sell,0,67.61,USD,66.8745242578942,70.0,0.03534980032539566,1,0,83.16587983698503,1,0,clear,,0.1,10,6,amber,8.125524065067918,3.1255240650679186,10.801757205003614,-2.6762331399356967,39.827558167792574,19.913779083896287,-0.41092208005039826,2,,,,,1,
2026-08-20T10:30:00,MSI,1h,sell,2026-08-19T14:02,sell,0,480.84,USD,64.83683254841839,490.0,0.019049995840612316,1,0,2.1851634244689984,1,0,clear,,0.1,10,5,amber,10.30379518615343,2.1851634244689984,19.877181326137567,-9.573386139984137,172.43567360160006,86.21783680080003,-0.6413865868030945,3,,,,,1,
2026-08-20T10:30:00,MSI,1h,sell,2026-08-19T14:30,sell,0,480.84,USD,64.83683254841839,490.0,0.019049995840612316,1,0,2.1851634244689984,1,0,clear,,0.1,10,5,amber,10.30379518615343,2.1851634244689984,19.877181326137567,-9.573386139984137,172.43567360160006,86.21783680080003,-0.6413865868030945,3,,,,,1,
2026-08-20T10:30:00,MSI,1h,sell,2026-08-19T15:30,sell,0,480.84,USD,64.83683254841839,490.0,0.019049995840612316,1,0,2.1851634244689984,1,0,clear,,0.1,10,5,amber,10.30379518615343,2.1851634244689984,19.877181326137567,-9.573386139984137,172.43567360160006,86.21783680080003,-0.6413865868030945,3,,,,,1,
2026-08-20T10:30:00,REGN,1h,sell,2026-08-19T15:30,sell,0,840.84,USD,69.92648576171952,730.0,-0.131820560391989,1,1,1.954010824539639,1,0,clear,,0.1,10,5,amber,8.202237519269847,1.954010824539639,12.893583981509295,-4.691346462239448,360.9154739050421,180.45773695252106,-0.5707679535880286,1,,,,,1,
2026-08-20T10:30:00,REGN,1h,sell,2026-08-19T20:00,sell,0,840.84,USD,69.92648576171952,730.0,-0.131820560391989,1,1,1.954010824539639,1,0,clear,,0.1,10,5,amber,8.202237519269847,1.954010824539639,12.893583981509295,-4.691346462239448,360.9154739050421,180.45773695252106,-0.5707679535880286,1,,,,,1,
2026-08-20T10:30:00,CMCSA,1h,sell,2026-08-19T15:30,sell,0,26.59,USD,61.666079585348015,36.0,0.3538924407672057,1,0,-49.000049543375226,1,1,clear,,0.1,10,3,red,0.5797801666867979,0.0,8.038509043056905,-7.458728876370107,6.470291139017795,3.2351455695088975,-0.7566644927033548,0,,,,,1,
2026-08-20T10:30:00,TMUS,1h,sell,2026-08-19T15:30,sell,0,182.36,USD,49.05258593806278,235.0,0.2886597938144329,1,0,-9.885985345014564,1,1,clear,,0.1,10,2,red,0.551480098086893,0.0,12.20446352041218,-11.652983422325287,19.96430620658695,9.982153103293475,-0.8905225586390275,0,,,,,1,
2026-08-20T10:30:00,MDT,1h,sell,2026-08-19T14:30,sell,0,94.13,USD,68.63152697613083,112.0,0.1898438329969192,1,0,3.002073255010367,1,0,clear,,0.1,10,2,red,3.1265563610204197,3.002073255010367,15.120109689616402,-11.993553328595983,10.024696852320263,5.012348426160131,-0.8935015738625277,0,,,,,1,
2026-08-20T10:30:00,MDT,1h,sell,2026-08-19T15:30,sell,0,94.13,USD,68.63152697613083,112.0,0.1898438329969192,1,0,3.002073255010367,1,0,clear,,0.1,10,2,red,3.1265563610204197,3.002073255010367,15.120109689616402,-11.993553328595983,10.024696852320263,5.012348426160131,-0.8935015738625277,0,,,,,1,
2026-08-20T10:30:00,NSC,1h,sell,2026-08-19T15:30,sell,0,345.71,USD,56.71268744376184,340.0,-0.016516733678516617,1,0,-20.859119530848844,1,1,clear,,0.1,10,1,red,2.972573493184431,0.0,16.924427794238404,-13.951854301053974,31.04738705582095,15.523693527910474,-0.9101923951988056,0,,,,,1,
2026-08-20T10:30:00,ECL,1h,sell,2026-08-19T15:30,sell,0,285.64,USD,67.03850927193064,,,0,0,-0.31693389855440474,1,1,clear,,0.1,10,1,red,0.0,0.0,20.01695305789243,-20.01695305789243,14.7405138909889,7.37025694549445,-0.9483911704677932,2,,,,,1,
2026-08-20T10:30:00,ROST,1h,buy,2026-08-19T14:33,suspended,0,234.69,USD,32.17986006448815,176.0,-0.2500745664493587,1,0,13.472182686529393,1,1,before,0,0.1,10,7,amber,11.855129931267335,4.6749093672328925,18.132471906824705,-6.27734197555737,128.93090770859533,64.46545385429766,-0.4506331428326928,4,,,,,1,
2026-08-20T10:30:00,ROST,1h,buy,2026-08-19T16:30,suspended,0,234.69,USD,32.17986006448815,176.0,-0.2500745664493587,1,0,13.472182686529393,1,1,before,0,0.1,10,7,amber,11.855129931267335,4.6749093672328925,18.132471906824705,-6.27734197555737,128.93090770859533,64.46545385429766,-0.4506331428326928,4,,,,,1,
2026-08-20T10:30:01,SCHW,4h,sell,2026-08-19T17:30,sell,0,110.88,USD,64.92272611551574,124.0,0.11832611832611838,1,0,48.05481517378779,1,0,clear,,0.2,5,9,green,15.131993400329984,10.131993400329984,12.553553187160237,2.5784402131697473,139.06612746163447,69.53306373081723,0.2542038912485071,3,,,,,1,
2026-08-20T10:30:01,VLO,4h,sell,2026-08-19T17:30,sell,0,346.26,USD,69.59844293968797,190.0,-0.4512793854329117,1,1,899.6350970310168,1,0,clear,,0.2,5,9,amber,12.921579878930906,0.0,10.604322948870038,2.317256930060868,502.2013005983854,251.1006502991927,0.45035898053019524,4,,,,,1,
2026-08-20T10:30:01,ABNB,4h,sell,2026-08-19T17:30,sell,0,186.39,USD,69.23755390663348,185.0,-0.007457481624550601,1,0,6.145049218297618,1,0,clear,,0.2,5,3,red,6.145049218297618,0.0,21.228789352586197,-15.083740134288579,24.264855390201838,12.132427695100919,-0.8698167530972594,3,,,,,1,
2026-08-20T11:36:58,ABN,1h,buy,2026-08-20T11:36,signal,1,40.1,EUR,32.541018801287464,39.0,-0.027431421446384073,1,0,9.433214427269125,1,1,clear,,0.1,10,3,red,0.0,0.0,9.465833784013476,-9.465833784013476,6.858980941757461,3.4294904708787306,-0.8289530937217592,0,,,,,1,
2026-08-20T13:45:30,KLAC,1h,buy,2026-08-20T13:45,signal,1,187.27,USD,30.50361216920497,175.0,-0.06552037165589795,1,0,20.65993354607363,1,1,clear,,0.1,10,6,amber,16.72104397048045,11.721043970480453,23.51260457458396,-6.791560604103509,106.37682977130308,53.18841488565154,-0.4319601122907937,3,,,,,1,
2026-08-20T13:45:30,CRWD,1h,buy,2026-08-20T13:45,signal,1,201.63,USD,32.13901741113946,133.0,-0.34037593612061695,1,0,73.039496279336,1,1,clear,,0.1,10,,n/a,,,,,,,,,,,,,1,
2026-08-20T13:45:30,INGA,1h,buy,2026-08-20T13:45,signal,1,29.85,EUR,31.140416412159084,25.0,-0.16247906197654946,1,0,6.900035358892753,1,1,clear,,0.1,10,4,red,5.983786550285963,5.067537741679173,9.368681793138354,-3.384895242852391,13.922155543050865,6.961077771525432,-0.5335961292110263,0,,,,,1,
2026-08-20T13:45:30,ABN,1h,buy,2026-08-20T13:45,signal,1,40.25,EUR,38.63868417651769,39.0,-0.031055900621118012,1,0,9.433214427269125,1,1,clear,,0.1,10,3,red,0.0,0.0,9.484797760463533,-9.484797760463533,6.858980941757461,3.4294904708787306,-0.8295905356085104,0,,,,,1,
2026-08-20T13:45:30,EMR,1h,buy,2026-08-20T13:45,signal,1,157.6,USD,33.53195087503252,104.0,-0.34010152284263956,1,0,-1.699102117970537,1,0,clear,,0.1,10,2,red,4.821378340365682,0.0,18.742998655001564,-13.921620314635883,17.467709184605432,8.733854592302716,-0.8891642818235695,1,,,,,1,
2026-08-20T13:45:30,EOG,1h,sell,2026-08-20T13:45,sell,1,149.48,USD,67.66088499510272,150.0,0.0034787262510035475,1,0,24.99538130937449,1,0,clear,,0.1,10,10,green,17.12869549960523,0.0,9.49529210309462,7.633403396510609,386.0676144265629,193.03380721328145,1.5827375864768727,4,,,,,1,
2026-08-20T13:45:30,PSX,1h,sell,2026-08-20T13:45,sell,1,242.29,USD,68.40937495421367,160.0,-0.3396343225060877,1,1,322.8171929149018,1,0,clear,,0.1,10,10,amber,20.0,15.5961228273814,10.385396813378676,9.614603186621324,672.2311553691634,336.1155776845817,1.7744898896742063,4,,,,,1,
2026-08-20T13:45:30,ROST,1h,buy,2026-08-20T13:45,suspended,1,234.69,USD,32.17986006448815,176.0,-0.2500745664493587,1,0,13.472182686529393,1,1,before,0,0.1,10,7,amber,11.855129931267335,4.6749093672328925,18.132471906824705,-6.27734197555737,128.93090770859533,64.46545385429766,-0.4506331428326928,4,,,,,1,
2026-08-20T13:45:31,VLO,4h,sell,2026-08-20T13:44,sell,1,346.26,USD,69.59844293968797,190.0,-0.4512793854329117,1,1,899.6350970310168,1,0,clear,,0.2,5,9,amber,12.921579878930906,0.0,10.604322948870038,2.317256930060868,502.2013005983854,251.1006502991927,0.45035898053019524,4,,,,,1,
2026-08-20T13:45:31,VRTX,4h,sell,2026-08-20T13:30,sell,1,552.06,USD,66.73322213361234,450.0,-0.1848712096511248,1,1,22.86012451484244,1,0,clear,,0.2,5,7,amber,16.4475277763151,11.447527776315097,17.917610432295042,-1.4700826559799438,486.97011645330775,243.48505822665388,-0.11790364008747636,3,,,,,1,
2026-08-20T13:45:31,ROST,4h,buy,2026-08-20T13:45,suspended,1,234.69,USD,31.26813064658623,176.0,-0.2500745664493587,1,0,13.472182686529393,1,1,before,0,0.2,5,7,amber,11.855129931267335,4.6749093672328925,18.132471906824705,-6.27734197555737,128.93090770859533,64.46545385429766,-0.4506331428326928,4,,,,,1,
2026-08-20T14:03:40,ASML,1h,buy,2026-08-20T14:03,strong,1,1503.0,EUR,30.378418857603123,1800.0,0.19760479041916168,1,1,14.701399935041682,1,1,clear,,0.1,10,5,amber,14.701399935041682,9.837920860110748,22.694470619586077,-7.993070684544396,766.2954631336835,383.14773156684174,-0.4901560458192392,2,,,,,1,
2026-08-20T14:03:40,GLW,1h,buy,2026-08-20T14:03,signal,1,151.5,USD,31.111496432938324,155.0,0.0231023102310231,1,0,130.83112758073054,1,1,clear,,0.1,10,6,amber,20.0,19.414331972406025,27.3783060938,-7.378306093799999,83.42004137628707,41.71002068814354,-0.4493726641829236,3,,,,,1,
2026-08-20T14:03:40,INGA,1h,buy,2026-08-20T14:03,signal,1,29.895,EUR,33.744420126740394,25.0,-0.1637397558120087,1,0,6.900035358892753,1,1,clear,,0.1,10,4,red,5.983786550285963,5.067537741679173,9.376285048551825,-3.392498498265862,13.922155543050865,6.961077771525432,-0.5342981922378035,0,,,,,1,
2026-08-20T14:03:40,ABN,1h,buy,2026-08-20T14:03,signal,1,40.29,EUR,39.62185894232142,39.0,-0.03201787043931495,1,0,9.433214427269125,1,1,clear,,0.1,10,3,red,0.0,0.0,9.489846568105087,-9.489846568105087,6.858980941757461,3.4294904708787306,-0.8297597184969606,0,,,,,1,
2026-08-20T14:03:40,AMGN,1h,sell,2026-08-18T19:30,sell_strong,0,436.63,USD,62.75167085374074,342.0,-0.21672812220873508,1,1,,0,0,clear,,0.1,10,7,amber,14.892702010758565,9.892702010758565,15.941256953079698,-1.0485549423211324,398.71076337932703,199.35538168966352,-0.08684523880785325,2,,,,,1,
2026-08-20T14:03:40,AMGN,1h,sell,2026-08-20T13:30,sell,1,436.63,USD,62.75167085374074,342.0,-0.21672812220873508,1,1,31.702528020944104,1,0,clear,,0.1,10,7,amber,14.892702010758565,9.892702010758565,15.941256953079698,-1.0485549423211324,398.71076337932703,199.35538168966352,-0.08684523880785325,2,,,,,1,
2026-08-20T14:03:40,TCOM,1h,sell,2026-08-19T14:21,sell,0,46.13,USD,62.43132578586861,63.0,0.3657056145675265,1,0,85.68338594645154,1,0,clear,,0.1,10,10,green,20.0,19.2795302245485,7.276618407300756,12.723381592699244,243.06676215347278,121.53338107673639,4.269168917265831,3,,,,,1,
2026-08-20T14:03:40,TCOM,1h,sell,2026-08-20T14:03,sell,1,46.13,USD,62.43132578586861,63.0,0.3657056145675265,1,0,85.68338594645154,1,0,clear,,0.1,10,10,green,20.0,19.2795302245485,7.276618407300756,12.723381592699244,243.06676215347278,121.53338107673639,4.269168917265831,3,,,,,1,
2026-08-20T14:03:40,ALNY,1h,sell,2026-08-20T14:03,sell,1,239.98,USD,65.12889155261247,299.0,0.24593716143011923,1,0,,0,0,clear,,0.1,10,7,amber,20.0,20.0,20.689059891155182,-0.689059891155182,226.62533853206622,113.31266926603311,-0.05564906020474109,2,,,,,1,
2026-08-20T14:03:40,VRTX,1h,sell,2026-08-19T13:50,sell,0,545.1101,USD,67.53432998321743,450.0,-0.17447869705587915,1,1,22.86012451484244,1,0,clear,,0.1,10,7,amber,16.4475277763151,11.447527776315097,17.768315869080908,-1.3207880927658096,486.97011645330775,243.48505822665388,-0.10665732215692249,3,,,,,1,
2026-08-20T14:03:40,VRTX,1h,sell,2026-08-20T13:30,sell,1,545.1101,USD,67.53432998321743,450.0,-0.17447869705587915,1,1,22.86012451484244,1,0,clear,,0.1,10,7,amber,16.4475277763151,11.447527776315097,17.768315869080908,-1.3207880927658096,486.97011645330775,243.48505822665388,-0.10665732215692249,3,,,,,1,
2026-08-20T14:03:40,VRTX,1h,sell,2026-08-20T14:03,sell,1,545.1101,USD,67.53432998321743,450.0,-0.17447869705587915,1,1,22.86012451484244,1,0,clear,,0.1,10,7,amber,16.4475277763151,11.447527776315097,17.768315869080908,-1.3207880927658096,486.97011645330775,243.48505822665388,-0.10665732215692249,3,,,,,1,
2026-08-20T14:03:40,TSLA,1h,sell,2026-08-20T14:03,sell,1,343.31,USD,53.23697959314488,450.0,0.3107686930179721,1,0,-37.67083622886263,1,1,clear,,0.1,10,1,red,0.0,0.0,48.34713074869542,-48.34713074869542,2.128359193591714,1.064179596795857,-0.9938004742256511,1,,,,,1,
2026-08-20T14:03:40,PFE,1h,sell,2026-08-18T18:30,sell,0,27.94,USD,61.773997598493054,32.0,0.1453113815318539,1,0,-59.82765040693653,1,1,clear,,0.1,10,1,red,0.0,0.0,19.596998814136427,-19.596998814136427,1.4933911205058648,0.7466955602529324,-0.9465500672689382,0,,,,,1,
2026-08-20T14:03:40,PFE,1h,sell,2026-08-20T14:03,sell,1,27.94,USD,61.773997598493054,32.0,0.1453113815318539,1,0,-59.82765040693653,1,1,clear,,0.1,10,1,red,0.0,0.0,19.596998814136427,-19.596998814136427,1.4933911205058648,0.7466955602529324,-0.9465500672689382,0,,,,,1,
2026-08-20T14:03:40,DE,1h,buy,2026-08-19T13:30,suspended,0,602.85,USD,55.76938735521154,600.0,-0.004727544165215265,1,0,-14.629402971355596,1,0,before,0,0.1,10,1,red,0.0,0.0,18.64745192902982,-18.64745192902982,34.89595482816584,17.44797741408292,-0.9421150288991195,0,,,,,1,
2026-08-20T14:03:40,DE,1h,buy,2026-08-20T14:03,suspended,1,602.85,USD,55.76938735521154,600.0,-0.004727544165215265,1,0,-14.629402971355596,1,0,before,0,0.1,10,1,red,0.0,0.0,18.64745192902982,-18.64745192902982,34.89595482816584,17.44797741408292,-0.9421150288991195,0,,,,,1,
2026-08-20T14:03:40,VRTX,4h,sell,2026-08-20T14:03,sell,1,545.1101,USD,68.33854855619678,450.0,-0.17447869705587915,1,1,22.86012451484244,1,0,clear,,0.2,5,7,amber,16.4475277763151,11.447527776315097,17.768315869080908,-1.3207880927658096,486.97011645330775,243.48505822665388,-0.10665732215692249,3,,,,,1,
2026-08-20T14:03:41,SCHW,1d,sell,2026-08-11,sell,0,110.72,USD,69.2762853865901,124.0,0.11994219653179192,1,0,,0,0,clear,,0.3,2,9,green,15.131993400329984,10.131993400329984,12.537301137120696,2.5946922632092875,139.06612746163447,69.53306373081723,0.25601632461736334,3,,,,,1,
2026-08-20T14:03:41,SCHW,1d,sell,2026-08-20,sell,1,110.72,USD,69.2762853865901,124.0,0.11994219653179192,1,0,48.05481517378779,1,0,clear,,0.3,2,9,green,15.131993400329984,10.131993400329984,12.537301137120696,2.5946922632092875,139.06612746163447,69.53306373081723,0.25601632461736334,3,,,,,1,
2026-08-20T14:03:41,VRTX,1d,sell,2026-08-20,sell,1,545.1101,USD,67.42633865519974,450.0,-0.17447869705587915,1,0,22.86012451484244,1,0,clear,,0.3,2,7,amber,16.4475277763151,11.447527776315097,17.768315869080908,-1.3207880927658096,486.97011645330775,243.48505822665388,-0.10665732215692249,3,,,,,1,
2026-08-20T14:35:19,STX,1h,buy,2026-08-19T15:30,signal,0,854.33,USD,37.0454529102264,700.0,-0.1806444816405839,1,0,104.84275800974459,1,1,clear,,0.1,10,7,amber,20.0,20.0,25.847976272743416,-5.847976272743416,530.8548087581905,265.42740437909526,-0.3786302614233487,4,,,,,1,
2026-08-20T14:35:19,STX,1h,buy,2026-08-20T13:30,signal,1,854.33,USD,37.0454529102264,700.0,-0.1806444816405839,1,0,104.84275800974459,1,1,clear,,0.1,10,7,amber,20.0,20.0,25.847976272743416,-5.847976272743416,530.8548087581905,265.42740437909526,-0.3786302614233487,4,,,,,1,
2026-08-20T14:35:19,STX,1h,buy,2026-08-20T14:34,signal,1,854.33,USD,37.0454529102264,700.0,-0.1806444816405839,1,0,104.84275800974459,1,1,clear,,0.1,10,7,amber,20.0,20.0,25.847976272743416,-5.847976272743416,530.8548087581905,265.42740437909526,-0.3786302614233487,4,,,,,1,
2026-08-20T14:35:19,KLAC,1h,buy,2026-08-20T14:34,signal,1,187.235,USD,30.50361216920497,175.0,-0.0653456885731835,1,0,20.65993354607363,1,1,clear,,0.1,10,6,amber,16.72104397048045,11.721043970480453,23.510295980160848,-6.789252009680396,106.37682977130308,53.18841488565154,-0.4318539281047717,3,,,,,1,
2026-08-20T14:35:19,FTNT,1h,buy,2026-08-20T14:34,signal,1,153.24,USD,34.887082498964716,143.0,-0.0668232837379275,1,0,13.261763179949714,1,1,clear,,0.1,10,5,amber,13.261763179949714,7.21394135078951,24.205210359712495,-10.943447179762781,60.926632905691335,30.463316452845667,-0.6024103830221135,4,,,,,1,
2026-08-20T14:35:19,LITE,1h,buy,2026-08-20T14:02,signal,1,849.8825,USD,39.66318080694572,640.28,-0.24662526878715596,1,0,-34971.96776929601,1,0,clear,,0.1,10,,n/a,,,,,,,,,,,,,1,
2026-08-20T14:35:19,LITE,1h,buy,2026-08-20T14:34,signal,1,849.8825,USD,39.66318080694572,640.28,-0.24662526878715596,1,0,-34971.96776929601,1,0,clear,,0.1,10,,n/a,,,,,,,,,,,,,1,
2026-08-20T14:35:19,PH,1h,buy,2026-08-20T14:34,signal,1,1020.01,USD,31.378037655011568,680.0,-0.33333986921696845,1,0,5.031555509680472,1,1,clear,,0.1,10,3,red,5.031555509680472,5.015523713301716,19.20444392814244,-14.172888418461966,115.78977161247082,57.89488580623541,-0.8864817289904308,2,,,,,1,
2026-08-20T14:35:19,DDOG,1h,buy,2026-08-20T14:34,signal,1,233.745,USD,32.436912240347155,200.0,-0.14436672442191278,1,0,41.43311181739381,1,1,clear,,0.1,10,2,red,20.0,0.0,54.45529555878049,-34.45529555878049,18.72952493059927,9.364762465299634,-0.9198719761680495,3,,,,,1,
2026-08-20T14:35:19,AAPL,1h,sell,2026-08-20T14:34,sell,1,316.95,USD,69.89499198606279,285.0,-0.10080454330336013,1,1,32.60922440789274,1,0,clear,,0.1,10,8,green,19.242398286937902,14.242398286937902,19.380896038509242,-0.13849775157133948,313.2920946402937,156.64604732014686,-0.011540953966575998,4,,,,,1,
2026-08-20T14:35:19,EPAM,1h,sell,2026-08-20T14:34,sell,1,107.1,USD,64.2580976651434,136.0,0.2698412698412699,1,0,5.272989120360476,1,0,clear,,0.1,10,6,amber,5.272989120360476,0.0,10.65808763574988,-5.385098515389403,32.17399559752905,16.086997798764525,-0.699589210107105,3,,,,,1,
2026-08-20T14:35:19,MDLZ,1h,sell,2026-08-20T14:34,sell,1,64.46,USD,69.58142439722289,77.0,0.1945392491467578,1,0,-0.4418638621092528,1,1,clear,,0.1,10,1,red,0.0,0.0,14.360357741900888,-14.360357741900888,5.391197314400344,2.695598657200172,-0.9163636780266778,0,,,,,1,
2026-08-20T14:35:19,JNJ,4h,sell,2026-08-20T14:34,sell_strong,1,271.19,USD,67.76940463742866,190.0,-0.29938419558243295,1,1,-7.724064171122985,1,1,clear,,0.2,5,4,red,8.07181320621469,0.0,17.66334745951073,-9.591534253296041,74.82507223561367,37.41253611780684,-0.7240861675002261,2,,,,,1,
2026-08-20T14:35:20,PFE,1d,sell,2026-08-20,sell,1,27.745,USD,67.71750686545413,32.0,0.15336096593980894,1,0,-59.82765040693653,1,1,clear,,0.3,2,1,red,0.0,0.0,19.513265869356673,-19.513265869356673,1.4933911205058648,0.7466955602529324,-0.9461744054602319,0,,,,,1,
2026-08-20T15:32:16,STX,1h,buy,2026-08-20T15:31,signal,1,861.1934,USD,39.80002938820154,700.0,-0.18717444885202325,1,0,104.84275800974459,1,1,clear,,0.1,10,7,amber,20.0,20.0,25.948714655961012,-5.9487146559610125,530.8548087581905,265.42740437909526,-0.3835823535593857,4,,,,,1,
2026-08-20T15:32:16,KLAC,1h,buy,2026-08-20T15:31,signal,1,187.89,USD,32.56934256066198,175.0,-0.0686039704082175,1,0,20.65993354607363,1,1,clear,,0.1,10,6,amber,16.72104397048045,11.721043970480453,23.553435442179392,-6.832391471698941,106.37682977130308,53.18841488565154,-0.43383453205969935,3,,,,,1,
2026-08-20T15:32:16,FTNT,1h,buy,2026-08-20T15:31,signal,1,152.62,USD,34.36451575923917,143.0,-0.06303236797274278,1,0,13.261763179949714,1,1,clear,,0.1,10,5,amber,13.261763179949714,7.21394135078951,24.154865935433072,-10.893102755483358,60.926632905691335,30.463316452845667,-0.6007952240486742,4,,,,,1,
2026-08-20T15:32:16,LITE,1h,buy,2026-08-20T15:31,signal,1,862.49,USD,44.82835172324079,640.28,-0.25763776971327207,1,0,-34971.96776929601,1,0,clear,,0.1,10,,n/a,,,,,,,,,,,,,1,
2026-08-20T15:32:16,JCI,1h,buy,2026-08-19T14:30,signal,0,145.9,USD,32.263062239784716,129.0,-0.11583276216586706,1,0,70.84942084942087,1,1,clear,,0.1,10,4,red,8.559987312663546,6.80711050337578,15.165846981999152,-6.605859669335606,55.34510037250488,27.67255018625244,-0.6206641509766629,1,,,,,1,
2026-08-20T15:32:16,JCI,1h,buy,2026-08-19T15:30,signal,0,145.9,USD,32.263062239784716,129.0,-0.11583276216586706,1,0,70.84942084942087,1,1,clear,,0.1,10,4,red,8.559987312663546,6.80711050337578,15.165846981999152,-6.605859669335606,55.34510037250488,27.67255018625244,-0.6206641509766629,1,,,,,1,
2026-08-20T15:32:16,JCI,1h,buy,2026-08-20T15:31,signal,1,145.9,USD,32.263062239784716,129.0,-0.11583276216586706,1,0,70.84942084942087,1,1,clear,,0.1,10,4,red,8.559987312663546,6.80711050337578,15.165846981999152,-6.605859669335606,55.34510037250488,27.67255018625244,-0.6206641509766629,1,,,,,1,
2026-08-20T15:32:16,PH,1h,buy,2026-08-20T15:31,signal,1,1021.125,USD,32.15938924890378,680.0,-0.33406781735830576,1,0,5.031555509680472,1,1,clear,,0.1,10,3,red,5.031555509680472,5.015523713301716,19.21746807686676,-14.185912567186286,115.78977161247082,57.89488580623541,-0.8866056833272413,2,,,,,1,
2026-08-20T15:32:16,DDOG,1h,buy,2026-08-20T15:31,signal,1,234.0,USD,32.46219542514733,200.0,-0.1452991452991453,1,0,41.43311181739381,1,1,clear,,0.1,10,2,red,20.0,0.0,54.47213732151678,-34.47213732151678,18.72952493059927,9.364762465299634,-0.9199592951683792,3,,,,,1,
2026-08-20T15:32:16,EMR,1h,buy,2026-08-20T15:31,signal,1,156.98,USD,35.88092341094688,104.0,-0.3374952223213148,1,0,-1.699102117970537,1,0,clear,,0.1,10,2,red,4.821378340365682,0.0,18.69620213481805,-13.87482379445237,17.467709184605432,8.733854592302716,-0.8887265308663177,1,,,,,1,
2026-08-20T15:32:16,AALB,1h,buy,2026-08-20T15:31,signal,1,42.32,EUR,37.36142159906543,43.93,0.038043478260869554,1,0,1.693801562385932,1,1,clear,,0.1,10,1,red,0.24297793760326564,0.0,15.717094206201367,-15.4741162685981,3.2229980385342465,1.6114990192671232,-0.9238422013578863,0,,,,,1,
2026-08-20T15:32:16,PSX,1h,sell,2026-08-20T15:31,sell,1,244.625,USD,69.37907988386488,160.0,-0.34593765968318857,1,1,322.8171929149018,1,0,clear,,0.1,10,10,amber,20.0,15.5961228273814,10.436789788149913,9.563210211850087,672.2311553691634,336.1155776845817,1.7480067669664319,4,,,,,1,
2026-08-20T15:32:16,AAPL,1h,sell,2026-08-20T15:31,sell,1,316.175,USD,66.43877508613883,285.0,-0.09860045860678425,1,1,32.60922440789274,1,0,clear,,0.1,10,8,green,19.242398286937902,14.242398286937902,19.35167308371276,-0.10927479677485863,313.2920946402937,156.64604732014686,-0.009118068663576454,4,,,,,1,
2026-08-20T15:32:16,EPAM,1h,sell,2026-08-20T15:31,sell,1,108.2099,USD,67.79261398577265,136.0,0.2568166128977108,1,0,5.272989120360476,1,0,clear,,0.1,10,6,amber,5.272989120360476,0.0,10.71414240176178,-5.441153281401304,32.17399559752905,16.086997798764525,-0.7026704987479976,3,,,,,1,
2026-08-20T15:32:16,MDLZ,1h,sell,2026-08-20T15:31,sell,1,64.37,USD,68.89063199659392,77.0,0.19620941432344252,1,0,-0.4418638621092528,1,1,clear,,0.1,10,1,red,0.0,0.0,14.344380539571976,-14.344380539571976,5.391197314400344,2.695598657200172,-0.9162467404940137,0,,,,,1,
2026-08-20T15:32:16,CDNS,4h,buy,2026-08-20T15:31,signal,1,315.685,USD,30.002598437790965,350.0,0.10870012829244341,1,0,35.99761891877266,1,1,clear,,0.2,5,4,red,14.704142250181606,5.258788429108837,26.097146119729302,-11.393003869547696,122.45947332399425,61.22973666199712,-0.6120833320430358,3,,,,,1,
2026-08-20T15:32:16,AALB,4h,buy,2026-08-20T15:31,signal,1,42.32,EUR,30.366725195827826,43.93,0.038043478260869554,1,0,1.693801562385932,1,1,clear,,0.2,5,1,red,0.24297793760326564,0.0,15.717094206201367,-15.4741162685981,3.2229980385342465,1.6114990192671232,-0.9238422013578863,0,,,,,1,
2026-08-20T15:32:16,JNJ,4h,sell,2026-08-20T15:31,sell_strong,1,271.07,USD,67.29330498529468,190.0,-0.2990740399158889,1,1,-7.724064171122985,1,1,clear,,0.2,5,4,red,8.07181320621469,0.0,17.658139887693146,-9.586326681478456,74.82507223561367,37.41253611780684,-0.7239640231836291,2,,,,,1,
2026-08-20T15:32:16,VLO,4h,sell,2026-08-20T15:31,sell,1,346.31,USD,69.60512744708079,190.0,-0.451358609338454,1,1,899.6350970310168,1,0,clear,,0.2,5,9,amber,12.921579878930906,0.0,10.605104660383585,2.316475218547321,502.2013005983854,251.1006502991927,0.45014957869650135,4,,,,,1,
2026-08-20T15:32:16,ABBV,4h,sell,2026-08-20T15:31,sell,1,263.98,USD,69.37023344668144,200.0,-0.24236684597317984,1,1,68.31485271022699,1,0,clear,,0.2,5,2,red,10.38609244273762,0.0,28.29209339329467,-17.90600095055705,48.7818063728767,24.39090318643835,-0.815206430892959,3,,,,,1,
2026-08-20T16:34:45,ANET,1h,buy,2026-08-20T16:34,strong,1,185.83,USD,30.388239672160807,230.0,0.23769036215896241,1,1,24.726700747149035,1,1,clear,,0.1,10,7,amber,20.0,20.0,25.223212970989117,-5.223212970989117,121.36119954009145,60.680599770045724,-0.34692353473555704,4,,,,,1,
2026-08-20T16:34:45,STX,1h,buy,2026-08-20T16:34,signal,1,855.865,USD,37.856288298552855,700.0,-0.18211400162408792,1,0,104.84275800974459,1,1,clear,,0.1,10,7,amber,20.0,20.0,25.870569489918495,-5.870569489918495,530.8548087581905,265.42740437909526,-0.37974469249450493,4,,,,,1,
2026-08-20T16:34:45,FTNT,1h,buy,2026-08-20T16:34,signal,1,152.46,USD,35.73072063057717,143.0,-0.0620490620490621,1,0,13.261763179949714,1,1,clear,,0.1,10,5,amber,13.261763179949714,7.21394135078951,24.141843948679636,-10.880080768729922,60.926632905691335,30.463316452845667,-0.6003762763630374,4,,,,,1,
2026-08-20T16:34:45,LITE,1h,buy,2026-08-20T16:34,signal,1,863.02,USD,45.066902801192285,640.28,-0.2580936710620843,1,0,-34971.96776929601,1,0,clear,,0.1,10,,n/a,,,,,,,,,,,,,1,
2026-08-20T16:34:45,EMR,1h,buy,2026-08-20T16:34,signal,1,155.66,USD,30.213743798841648,104.0,-0.33187716818707436,1,0,-1.699102117970537,1,0,clear,,0.1,10,2,red,4.821378340365682,0.0,18.596014197198436,-13.774635856832754,17.467709184605432,8.733854592302716,-0.8877829295605458,1,,,,,1,
2026-08-20T16:34:45,DDOG,1h,buy,2026-08-20T14:30,signal,1,231.7,USD,30.4229897314453,200.0,-0.13681484678463526,1,0,41.43311181739381,1,1,clear,,0.1,10,2,red,20.0,0.0,54.31962996021109,-34.31962996021109,18.72952493059927,9.364762465299634,-0.9191647607656483,3,,,,,1,
2026-08-20T16:34:45,DDOG,1h,buy,2026-08-20T16:34,signal,1,231.7,USD,30.4229897314453,200.0,-0.13681484678463526,1,0,41.43311181739381,1,1,clear,,0.1,10,2,red,20.0,0.0,54.31962996021109,-34.31962996021109,18.72952493059927,9.364762465299634,-0.9191647607656483,3,,,,,1,
2026-08-20T16:34:45,AALB,1h,buy,2026-08-20T16:34,signal,1,42.08,EUR,36.46420240759732,43.93,0.043963878326996234,1,0,1.693801562385932,1,1,clear,,0.1,10,1,red,0.24297793760326564,0.0,15.651302069614722,-15.408324132011456,3.2229980385342465,1.6114990192671232,-0.9234078412895855,0,,,,,1,
2026-08-20T16:34:45,TCOM,1h,sell,2026-08-20T13:30,sell,1,46.3,USD,63.013691646439796,63.0,0.3606911447084234,1,0,85.68338594645154,1,0,clear,,0.1,10,10,green,20.0,19.2795302245485,7.292578002932915,12.707421997067085,243.06676215347278,121.53338107673639,4.249822076748872,3,,,,,1,
2026-08-20T16:34:45,AAPL,1h,sell,2026-08-20T14:30,sell,1,316.32,USD,65.31903284502707,285.0,-0.09901365705614566,1,1,32.60922440789274,1,0,clear,,0.1,10,8,green,19.242398286937902,14.242398286937902,19.357145503146192,-0.11474721620828987,313.2920946402937,156.64604732014686,-0.00957228553270823,4,,,,,1,
2026-08-20T16:34:45,ALNY,1h,sell,2026-08-20T13:30,sell,1,234.165,USD,53.353583548317445,299.0,0.27687741549761924,1,0,,0,0,clear,,0.1,10,7,amber,20.0,20.0,20.393377354730397,-0.39337735473039714,226.62533853206622,113.31266926603311,-0.03219807173545905,2,,,,,1,
2026-08-20T16:34:45,EPAM,1h,sell,2026-08-20T14:30,sell,1,108.255,USD,67.76842602764759,136.0,0.25629301187012155,1,0,5.272989120360476,1,0,clear,,0.1,10,6,amber,5.272989120360476,0.0,10.716411412069593,-5.443422291709117,32.17399559752905,16.086997798764525,-0.7027943688741485,3,,,,,1,
2026-08-20T16:34:45,TSLA,1h,sell,2026-08-20T13:30,sell,1,345.31,USD,55.87366498769159,450.0,0.3031768555790449,1,0,-37.67083622886263,1,1,clear,,0.1,10,1,red,0.0,0.0,48.433326701060125,-48.433326701060125,2.128359193591714,1.064179596795857,-0.9938363812412275,1,,,,,1,
2026-08-20T16:34:45,PFE,1h,sell,2026-08-20T13:30,sell,1,28.045,USD,62.062272409972024,32.0,0.14102335532180418,1,0,-59.82765040693653,1,1,clear,,0.1,10,1,red,0.0,0.0,19.641868172343933,-19.641868172343933,1.4933911205058648,0.7466955602529324,-0.946750182902269,0,,,,,1,
2026-08-20T16:34:45,DE,1h,buy,2026-08-20T13:30,suspended,1,628.7,USD,69.7825875749256,600.0,-0.045649753459519715,1,0,-14.629402971355596,1,0,after,,0.1,10,1,red,0.0,0.0,19.146649807010917,-19.146649807010917,34.89595482816584,17.44797741408292,-0.9444950615107908,0,,,,,1,
2026-08-20T16:34:46,JNJ,4h,sell,2026-08-20T13:30,sell_strong,1,271.47,USD,68.491711453844,190.0,-0.30010682580027265,1,1,-7.724064171122985,1,1,clear,,0.2,5,4,red,8.07181320621469,0.0,17.675490399913556,-9.603677193698866,74.82507223561367,37.41253611780684,-0.7243707509646972,2,,,,,1,
2026-08-20T16:34:46,JNJ,4h,sell,2026-08-20T16:33,sell_strong,1,271.47,USD,68.491711453844,190.0,-0.30010682580027265,1,1,-7.724064171122985,1,1,clear,,0.2,5,4,red,8.07181320621469,0.0,17.675490399913556,-9.603677193698866,74.82507223561367,37.41253611780684,-0.7243707509646972,2,,,,,1,
2026-08-20T16:34:46,VLO,4h,sell,2026-08-20T16:34,sell,1,346.74,USD,69.88980654574794,190.0,-0.45203899175174483,1,1,899.6350970310168,1,0,clear,,0.2,5,9,amber,12.921579878930906,0.0,10.611824048352403,2.309755830578503,502.2013005983854,251.1006502991927,0.4483512158919807,4,,,,,1,
2026-08-20T17:28:43,NVDA,1h,buy,2026-08-20T17:26,strong,1,216.92,USD,31.804012566311215,280.0,0.2907984510418588,1,1,110.33338701884364,1,1,clear,,0.1,10,9,amber,20.0,20.0,18.31609055601701,1.6839094439829907,249.84688844091338,124.92344422045669,0.15179277356128246,4,,,,,1,
2026-08-20T17:28:43,ANET,1h,buy,2026-08-20T17:28,strong,1,186.13,USD,31.45618145719574,230.0,0.23569548165260842,1,1,24.726700747149035,1,1,clear,,0.1,10,7,amber,20.0,20.0,25.243414069021718,-5.243414069021718,121.36119954009145,60.680599770045724,-0.3479761481755147,4,,,,,1,
2026-08-20T17:28:43,INTC,1h,buy,2026-08-18T19:30,strong,0,92.225,USD,32.97115952907258,105.0,0.1385199240986718,1,1,55.48626858150668,1,1,clear,,0.1,10,,n/a,,,,,,,,,,,,,1,
2026-08-20T17:28:43,INTC,1h,buy,2026-08-19T13:50,strong,0,92.225,USD,32.97115952907258,105.0,0.1385199240986718,1,1,55.48626858150668,1,1,clear,,0.1,10,,n/a,,,,,,,,,,,,,1,
2026-08-20T17:28:43,INTC,1h,buy,2026-08-20T16:30,strong,1,92.225,USD,32.97115952907258,105.0,0.1385199240986718,1,1,55.48626858150668,1,1,clear,,0.1,10,,n/a,,,,,,,,,,,,,1,
2026-08-20T17:28:43,JOBY,1h,buy,2026-08-20T16:30,strong,1,7.48,USD,34.759133633492354,9.99,0.33556149732620316,1,1,7.325141776937619,1,1,clear,,0.1,10,,n/a,,,,,,,,,,,,,1,
2026-08-20T17:28:43,STX,1h,buy,2026-08-20T17:28,signal,1,856.115,USD,38.05014193746464,700.0,-0.1823528381117023,1,0,104.84275800974459,1,1,clear,,0.1,10,7,amber,20.0,20.0,25.874245713019455,-5.874245713019455,530.8548087581905,265.42740437909526,-0.3799258174915864,4,,,,,1,
2026-08-20T17:28:43,KLAC,1h,buy,2026-08-20T17:28,signal,1,187.01,USD,30.35788915786935,175.0,-0.0642211646436019,1,0,20.65993354607363,1,1,clear,,0.1,10,6,amber,16.72104397048045,11.721043970480453,23.49544573539736,-6.7744017649169095,106.37682977130308,53.18841488565154,-0.43117036644402396,3,,,,,1,
2026-08-20T17:28:43,LCID,1h,buy,2026-08-20T17:28,signal,1,5.725,USD,33.52716369105792,9.31,0.6262008733624456,1,1,-18.661776436721798,1,0,clear,,0.1,10,,n/a,,,,,,,,,,,,,1,
2026-08-20T17:28:43,FTNT,1h,buy,2026-08-20T17:28,signal,1,151.95,USD,34.1590688191113,143.0,-0.05890095426127009,1,0,13.261763179949714,1,1,clear,,0.1,10,5,amber,13.261763179949714,7.21394135078951,24.10025412335009,-10.838490943400377,60.926632905691335,30.463316452845667,-0.5990349923942656,4,,,,,1,
2026-08-20T17:28:43,LITE,1h,buy,2026-08-20T17:28,signal,1,875.14,USD,50.018145888101294,640.28,-0.2683684896130905,1,0,-34971.96776929601,1,0,clear,,0.1,10,,n/a,,,,,,,,,,,,,1,
2026-08-20T17:28:43,AALB,1h,buy,2026-08-20T17:28,signal,1,42.08,EUR,36.46420240759732,43.93,0.043963878326996234,1,0,1.693801562385932,1,1,clear,,0.1,10,1,red,0.24297793760326564,0.0,15.651302069614722,-15.408324132011456,3.2229980385342465,1.6114990192671232,-0.9234078412895855,0,,,,,1,
2026-08-20T17:28:43,PSX,1h,sell,2026-08-20T17:28,sell,1,244.19,USD,66.02353983516696,160.0,-0.34477251320692903,1,1,322.8171929149018,1,0,clear,,0.1,10,10,amber,20.0,15.5961228273814,10.427242050057263,9.572757949942737,672.2311553691634,336.1155776845817,1.752902065478371,4,,,,,1,
2026-08-20T17:28:43,ROST,1h,buy,2026-08-20T17:28,suspended,1,230.74,USD,30.966784846189626,176.0,-0.2372367166507758,1,0,13.472182686529393,1,1,before,0,0.1,10,7,amber,11.855129931267335,4.6749093672328925,17.932124417541452,-6.076994486274117,128.93090770859533,64.46545385429766,-0.44122862222156833,4,,,,,1,
2026-08-20T17:28:43,ITUB,4h,buy,2026-08-20T14:03,signal,1,7.185,USD,30.218286758152757,7.7,0.07167710508002792,1,0,12.95451199764463,1,1,clear,,0.2,5,6,amber,7.531306700434179,5.281690140845075,8.430959179626726,-0.8996524791925467,5.905223743111297,2.9526118715556486,-0.17811778105618684,1,,,,,1,
2026-08-20T17:28:43,ITUB,4h,buy,2026-08-20T17:28,signal,1,7.185,USD,30.218286758152757,7.7,0.07167710508002792,1,0,12.95451199764463,1,1,clear,,0.2,5,6,amber,7.531306700434179,5.281690140845075,8.430959179626726,-0.8996524791925467,5.905223743111297,2.9526118715556486,-0.17811778105618684,1,,,,,1,
2026-08-20T17:28:43,JNJ,4h,sell,2026-08-20T17:27,sell_strong,1,270.49,USD,65.53299700045497,190.0,-0.2975710747162557,1,1,-7.724064171122985,1,1,clear,,0.2,5,4,red,8.07181320621469,0.0,17.632940670915936,-9.561127464701245,74.82507223561367,37.41253611780684,-0.7233721311855755,2,,,,,1,
2026-08-20T17:28:43,VLO,4h,sell,2026-08-20T17:28,sell,1,346.2,USD,69.52199578663759,190.0,-0.4511842865395725,1,1,899.6350970310168,1,0,clear,,0.2,5,9,amber,12.921579878930906,0.0,10.603384788450988,2.318195090479918,502.2013005983854,251.1006502991927,0.4506103425718816,4,,,,,1,
2026-08-20T17:28:43,MDT,4h,sell,2026-08-18T17:30,sell,0,92.89,USD,66.09128592889944,112.0,0.2057272042200452,1,0,3.002073255010367,1,0,clear,,0.2,5,2,red,3.1265563610204197,3.002073255010367,14.967552294697914,-11.840995933677494,10.024696852320263,5.012348426160131,-0.8920799133133787,0,,,,,1,
2026-08-20T17:28:43,MDT,4h,sell,2026-08-20T17:28,sell,1,92.89,USD,66.09128592889944,112.0,0.2057272042200452,1,0,3.002073255010367,1,0,clear,,0.2,5,2,red,3.1265563610204197,3.002073255010367,14.967552294697914,-11.840995933677494,10.024696852320263,5.012348426160131,-0.8920799133133787,0,,,,,1,
2026-08-20T17:28:44,MDT,1d,sell,2026-08-20,sell,1,92.89,USD,68.70970289955176,112.0,0.2057272042200452,1,0,3.002073255010367,1,0,clear,,0.3,2,2,red,3.1265563610204197,3.002073255010367,14.967552294697914,-11.840995933677494,10.024696852320263,5.012348426160131,-0.8920799133133787,0,,,,,1,
2026-08-20T17:58:40,NVDA,1h,buy,2026-08-20T17:30,strong,1,216.44,USD,30.34695200934823,280.0,0.2936610608020699,1,1,110.33338701884364,1,1,clear,,0.1,10,9,amber,20.0,20.0,18.28988349640725,1.7101165035927508,249.84688844091338,124.92344422045669,0.15434710978060145,4,,,,,1,
2026-08-20T17:58:40,AVGO,1h,buy,2026-08-20T17:30,strong,1,364.07,USD,30.379727246372312,650.0,0.7853709451479112,1,1,125.81008946695735,1,1,clear,,0.1,10,7,amber,20.0,20.0,25.64828513849885,-5.648285138498849,229.84322013914155,114.92161006957078,-0.3686839889605253,4,,,,,1,
2026-08-20T17:58:40,STX,1h,buy,2026-08-20T17:58,signal,1,852.095,USD,36.49559727288462,700.0,-0.1784953555648138,1,0,104.84275800974459,1,1,clear,,0.1,10,7,amber,20.0,20.0,25.815014548501246,-5.815014548501246,530.8548087581905,265.42740437909526,-0.3770004415491342,4,,,,,1,
2026-08-20T17:58:40,FTNT,1h,buy,2026-08-20T17:58,signal,1,151.35,USD,32.48991317225392,143.0,-0.05517013544763789,1,0,13.261763179949714,1,1,clear,,0.1,10,5,amber,13.261763179949714,7.21394135078951,24.05116376956881,-10.789400589619095,60.926632905691335,30.463316452845667,-0.5974454383502389,4,,,,,1,
2026-08-20T17:58:40,LITE,1h,buy,2026-08-20T17:58,signal,1,873.705,USD,49.272490287783576,640.28,-0.2671668354879508,1,0,-34971.96776929601,1,0,clear,,0.1,10,,n/a,,,,,,,,,,,,,1,
2026-08-20T17:58:40,AALB,1h,buy,2026-08-20T17:58,signal,1,42.08,EUR,36.46420240759732,43.93,0.043963878326996234,1,0,1.693801562385932,1,1,clear,,0.1,10,1,red,0.24297793760326564,0.0,15.651302069614722,-15.408324132011456,3.2229980385342465,1.6114990192671232,-0.9234078412895855,0,,,,,1,
2026-08-20T17:58:40,PSX,1h,sell,2026-08-20T17:58,sell,1,243.77,USD,63.884690719380075,160.0,-0.3436435984739714,1,1,322.8171929149018,1,0,clear,,0.1,10,10,amber,20.0,15.5961228273814,10.418012048662519,9.581987951337481,672.2311553691634,336.1155776845817,1.7576451383236797,4,,,,,1,
2026-08-20T17:58:40,MDLZ,1h,sell,2026-08-20T17:58,sell,1,64.43,USD,66.44050670880159,77.0,0.19509545242899257,1,0,-0.4418638621092528,1,1,clear,,0.1,10,1,red,0.0,0.0,14.355034239781158,-14.355034239781158,5.391197314400344,2.695598657200172,-0.9163247351482176,0,,,,,1,
2026-08-20T17:58:40,JNJ,4h,sell,2026-08-20T17:30,sell_strong,1,270.335,USD,64.75084260210569,190.0,-0.29716832818539957,1,1,-7.724064171122985,1,1,clear,,0.2,5,4,red,8.07181320621469,0.0,17.626198163171686,-9.554384956956996,74.82507223561367,37.41253611780684,-0.7232135230894494,2,,,,,1,
2026-08-20T17:58:40,VLO,4h,sell,2026-08-20T17:58,sell,1,345.03,USD,67.68731675089609,190.0,-0.4493232472538619,1,1,899.6350970310168,1,0,clear,,0.2,5,9,amber,12.921579878930906,0.0,10.585067371056827,2.3365125078740796,502.2013005983854,251.1006502991927,0.45552937599161064,4,,,,,1,
2026-08-20T17:58:40,MDT,4h,sell,2026-08-20T17:58,sell,1,92.645,USD,64.38432866315941,112.0,0.20891575368341525,1,0,3.002073255010367,1,0,clear,,0.2,5,2,red,3.1265563610204197,3.002073255010367,14.937193227640368,-11.810636866619948,10.024696852320263,5.012348426160131,-0.8917945182975847,0,,,,,1,
2026-08-20T18:46:02,TXN,1h,buy,2026-08-20T17:30,strong,1,266.12,USD,32.017622712149176,325.0,0.22125356981812713,1,1,20.161231354197135,1,1,clear,,0.1,10,7,amber,16.659670164917543,4.830731923247182,20.679428717073122,-4.019758552155579,189.64984877717833,94.82492438858917,-0.28735213897047074,4,,,,,1,
2026-08-20T18:46:02,BILI,1h,buy,2026-08-20T15:30,strong,1,16.655,USD,32.65284991780209,36.0,1.161513059141399,1,1,,0,0,clear,,0.1,10,4,red,11.204805773573941,11.204805773573941,19.9307991186435,-8.725993345069558,7.014023898287638,3.507011949143819,-0.5788637707422614,1,,,,,1,
2026-08-20T18:46:02,BILI,1h,buy,2026-08-20T17:30,strong,1,16.655,USD,32.65284991780209,36.0,1.161513059141399,1,1,,0,0,clear,,0.1,10,4,red,11.204805773573941,11.204805773573941,19.9307991186435,-8.725993345069558,7.014023898287638,3.507011949143819,-0.5788637707422614,1,,,,,1,
2026-08-20T18:46:02,VRT,1h,buy,2026-08-19T15:30,signal,0,259.825,USD,32.973419050776,29.0,-0.8883864139324545,1,0,111.13128224727693,1,1,clear,,0.1,10,7,amber,20.0,20.0,25.26669000206209,-5.2666900020620915,169.09757401080782,84.54878700540391,-0.3491866679079849,4,,,,,1,
2026-08-20T18:46:02,VRT,1h,buy,2026-08-20T18:45,signal,1,259.825,USD,32.973419050776,29.0,-0.8883864139324545,1,0,111.13128224727693,1,1,clear,,0.1,10,7,amber,20.0,20.0,25.26669000206209,-5.2666900020620915,169.09757401080782,84.54878700540391,-0.3491866679079849,4,,,,,1,
2026-08-20T18:46:02,STX,1h,buy,2026-08-20T18:45,signal,1,847.405,USD,35.4211643190621,700.0,-0.17394870221440747,1,0,104.84275800974459,1,1,clear,,0.1,10,7,amber,20.0,20.0,25.745592823661944,-5.745592823661944,530.8548087581905,265.42740437909526,-0.3735524232708203,4,,,,,1,
2026-08-20T18:46:02,LITE,1h,buy,2026-08-20T18:45,signal,1,870.96,USD,48.32359943336423,640.28,-0.26485716910076246,1,0,-34971.96776929601,1,0,clear,,0.1,10,,n/a,,,,,,,,,,,,,1,
2026-08-20T18:46:02,DDOG,1h,buy,2026-08-20T17:30,signal,1,232.42,USD,32.92506878418459,200.0,-0.13948885638069008,1,0,41.43311181739381,1,1,clear,,0.1,10,2,red,20.0,0.0,54.36751734333802,-34.36751734333802,18.72952493059927,9.364762465299634,-0.9194151754126182,3,,,,,1,
2026-08-20T18:46:02,AALB,1h,buy,2026-08-20T18:45,signal,1,42.08,EUR,36.46420240759732,43.93,0.043963878326996234,1,0,1.693801562385932,1,1,clear,,0.1,10,1,red,0.24297793760326564,0.0,15.651302069614722,-15.408324132011456,3.2229980385342465,1.6114990192671232,-0.9234078412895855,0,,,,,1,
2026-08-20T18:46:02,PSX,1h,sell,2026-08-20T18:45,sell,1,242.97,USD,60.31731476674156,160.0,-0.3414824875499033,1,1,322.8171929149018,1,0,clear,,0.1,10,10,amber,20.0,15.5961228273814,10.40039973910875,9.59960026089125,672.2311553691634,336.1155776845817,1.7667249264072247,4,,,,,1,
2026-08-20T18:46:02,CVX,1h,sell,2026-08-20T17:30,sell,1,207.29,USD,68.83719405906226,192.0,-0.07376139707655938,1,0,34.62660368104495,1,0,clear,,0.1,10,9,green,12.708743090756938,0.0,12.442566495218855,0.2661765955380826,213.22933993458838,106.61466996729419,0.028652322517190357,4,,,,,1,
2026-08-20T18:46:02,O,1h,sell,2026-08-20T18:45,sell,1,63.41,USD,69.42290954485932,72.0,0.1354675918624823,1,0,33.38536585365854,1,0,clear,,0.1,10,6,amber,15.75711506038063,10.75711506038063,22.33096730467433,-6.573852244293702,36.49812892217651,18.249064461088256,-0.42441052007291413,3,,,,,1,
2026-08-20T18:46:02,MDLZ,1h,sell,2026-08-20T18:45,sell,1,64.27,USD,63.10505662197627,77.0,0.1980706394896531,1,0,-0.4418638621092528,1,1,clear,,0.1,10,1,red,0.0,0.0,14.3266044955238,-14.3266044955238,5.391197314400344,2.695598657200172,-0.916116425791188,0,,,,,1,
2026-08-20T18:46:02,AVGO,4h,buy,2026-08-20T18:45,strong,1,365.4163,USD,30.35151643977275,650.0,0.7787931189714308,1,1,125.81008946695735,1,1,clear,,0.2,5,7,amber,20.0,20.0,25.69467167147336,-5.694671671473358,229.84322013914155,114.92161006957078,-0.3710099408834757,4,,,,,1,
2026-08-20T18:46:02,ABEV,4h,buy,2026-08-20T14:03,strong,1,2.805,USD,36.489972090025745,3.6,0.2834224598930481,1,1,20.04904966278357,1,1,clear,,0.2,5,5,amber,4.489072652096867,4.236454288419007,10.590174953242471,-6.101102301145604,0.6741082803266315,0.33705414016331575,-0.7596761923969227,2,,,,,1,
2026-08-20T18:46:02,VLO,4h,sell,2026-08-20T18:45,sell,1,344.08,USD,66.60572781885038,190.0,-0.4478028365496396,1,1,899.6350970310168,1,0,clear,,0.2,5,9,amber,12.921579878930906,0.0,10.570161553833337,2.351418325097569,502.2013005983854,251.1006502991927,0.45954807195531683,4,,,,,1,
2026-08-20T18:46:02,MDT,4h,sell,2026-08-20T18:45,sell,1,92.7399,USD,64.74476931600717,112.0,0.20767867983467733,1,0,3.002073255010367,1,0,clear,,0.2,5,2,red,3.1265563610204197,3.002073255010367,14.948961283156045,-11.822404922135625,10.024696852320263,5.012348426160131,-0.8919052441039913,0,,,,,1,
2026-08-20T19:31:05,GEV,1h,buy,2026-08-20T19:30,signal,1,959.385,USD,32.42388422317576,1050.0,0.09445113275692242,1,0,735.9407527936638,1,1,clear,,0.1,10,9,amber,17.851175362437548,12.851175362437548,16.085320766081722,1.765854596355826,1115.72984068521,557.864920342605,0.16296360760821788,4,,,,,1,
2026-08-20T19:31:05,CAT,1h,buy,2026-08-20T18:30,signal,1,805.41,USD,30.70726047734732,720.0,-0.10604536819756394,1,0,18.21556423399235,1,1,clear,,0.1,10,8,green,18.21556423399235,0.0,18.813928335729074,-0.598364101736724,765.7553859382565,382.87769296912825,-0.04923531376782443,4,,,,,1,
2026-08-20T19:31:05,VRT,1h,buy,2026-08-20T19:30,signal,1,261.17,USD,35.96466498435778,29.0,-0.8889612130030249,1,0,111.13128224727693,1,1,clear,,0.1,10,7,amber,20.0,20.0,25.33138450997815,-5.33138450997815,169.09757401080782,84.54878700540391,-0.3525382930244369,4,,,,,1,
2026-08-20T19:31:05,STX,1h,buy,2026-08-20T19:30,signal,1,852.08,USD,37.76726522645947,700.0,-0.17848089381278756,1,0,104.84275800974459,1,1,clear,,0.1,10,7,amber,20.0,20.0,25.814793066135046,-5.814793066135046,530.8548087581905,265.42740437909526,-0.3769894742768396,4,,,,,1,
2026-08-20T19:31:05,KLAC,1h,buy,2026-08-20T19:30,signal,1,185.78,USD,30.735758483423467,175.0,-0.05802562170308968,1,0,20.65993354607363,1,1,clear,,0.1,10,6,amber,16.72104397048045,11.721043970480453,23.41397904275039,-6.69293507226994,106.37682977130308,53.18841488565154,-0.4274042966341744,3,,,,,1,
2026-08-20T19:31:05,FTNT,1h,buy,2026-08-20T19:30,signal,1,151.06,USD,34.14637100407414,143.0,-0.05335628227194494,1,0,13.261763179949714,1,1,clear,,0.1,10,5,amber,13.261763179949714,7.21394135078951,24.02737394854079,-10.765610768591078,60.926632905691335,30.463316452845667,-0.5966726273951322,4,,,,,1,
2026-08-20T19:31:05,LITE,1h,buy,2026-08-20T19:30,signal,1,876.835,USD,50.48304124481494,640.28,-0.2697827983600108,1,0,-34971.96776929601,1,0,clear,,0.1,10,,n/a,,,,,,,,,,,,,1,
2026-08-20T19:31:05,BB,1h,buy,2026-08-20T18:30,signal,1,8.165,USD,30.669992662749294,5.2,-0.3631353337415798,1,0,,0,0,clear,,0.1,10,1,red,3.6504655882381214,3.6504655882381214,29.813651967588953,-26.163186379350833,0.2751788564509633,0.13758942822548165,-0.9662977518124969,1,,,,,1,
2026-08-20T19:31:05,AALB,1h,buy,2026-08-20T19:30,signal,1,42.08,EUR,36.46420240759732,43.93,0.043963878326996234,1,0,1.693801562385932,1,1,clear,,0.1,10,1,red,0.24297793760326564,0.0,15.651302069614722,-15.408324132011456,3.2229980385342465,1.6114990192671232,-0.9234078412895855,0,,,,,1,
2026-08-20T19:31:05,PSX,1h,sell,2026-08-20T19:30,sell,1,240.38,USD,49.425916454177624,160.0,-0.33438722023462847,1,1,322.8171929149018,1,0,clear,,0.1,10,10,amber,20.0,15.5961228273814,10.343095510433027,9.656904489566973,672.2311553691634,336.1155776845817,1.7965352998134763,4,,,,,1,
2026-08-20T19:31:05,EOG,1h,sell,2026-08-20T19:30,sell,1,151.76,USD,67.78850125783384,150.0,-0.011597258829731096,1,0,24.99538130937449,1,0,clear,,0.1,10,10,green,17.12869549960523,0.0,9.572452263330707,7.556243236274522,386.0676144265629,193.03380721328145,1.5439352558418749,4,,,,,1,
2026-08-20T19:31:05,MDLZ,1h,sell,2026-08-20T19:30,sell,1,64.29,USD,63.31754141430371,77.0,0.19769793124902774,1,0,-0.4418638621092528,1,1,clear,,0.1,10,1,red,0.0,0.0,14.330161694777313,-14.330161694777313,5.391197314400344,2.695598657200172,-0.9161425211634726,0,,,,,1,
2026-08-20T19:31:06,VLO,4h,sell,2026-08-20T19:30,sell,1,341.215,USD,62.378351585252986,190.0,-0.4431663320780153,1,1,899.6350970310168,1,0,clear,,0.2,5,9,amber,12.921579878930906,0.0,10.52502993413518,2.3965499447957264,502.2013005983854,251.1006502991927,0.4718031170915271,4,,,,,1,
2026-08-20T19:31:06,XOM,4h,sell,2026-08-20T17:30,sell,1,166.59,USD,69.18383038997226,156.0,-0.0635692418512516,1,0,10.170981370686484,1,0,clear,,0.2,5,7,amber,10.170981370686484,0.0,13.24581435590163,-3.0748329852151457,102.93246248319694,51.46623124159847,-0.3821210007611685,3,,,,,1,
2026-08-20T19:31:06,REGN,4h,sell,2026-08-20T19:30,sell,1,831.34,USD,69.78882337858064,730.0,-0.1218995838044603,1,0,1.954010824539639,1,0,clear,,0.2,5,5,amber,8.202237519269847,1.954010824539639,12.76538109652575,-4.563143577255904,360.9154739050421,180.45773695252106,-0.5658629755514686,1,,,,,1,
2026-08-20T19:31:06,MDT,4h,sell,2026-08-20T19:30,sell,1,92.66,USD,64.40340566192742,112.0,0.20872005180228798,1,0,3.002073255010367,1,0,clear,,0.2,5,2,red,3.1265563610204197,3.002073255010367,14.939054021313606,-11.812497660293186,10.024696852320263,5.012348426160131,-0.8918120348335823,0,,,,,1,
2026-08-20T19:31:06,ABBV,4h,sell,2026-08-20T17:30,sell,1,262.79,USD,66.37658551174172,200.0,-0.23893603257353788,1,1,68.31485271022699,1,0,clear,,0.2,5,2,red,10.38609244273762,0.0,28.234142725056387,-17.848050282318766,48.7818063728767,24.39090318643835,-0.8143696245181449,3,,,,,1,
2026-08-20T20:04:22,XYL,1h,buy,2026-08-20T19:30,strong,1,113.225,USD,30.02478538639069,129.0,0.13932435416206673,1,1,9.421947289078346,1,1,clear,,0.1,10,3,red,7.319342216871427,4.41008018327606,15.843293000243822,-8.523950783372396,30.872759263499837,15.436379631749919,-0.7273326627202488,0,,,,,1,
2026-08-20T20:04:22,GEV,1h,buy,2026-08-20T20:02,signal,1,963.2,USD,35.021077080514644,1050.0,0.0901162790697674,1,0,735.9407527936638,1,1,clear,,0.1,10,9,amber,17.851175362437548,12.851175362437548,16.131399765967352,1.7197755964701962,1115.72984068521,557.864920342605,0.15835739273796723,4,,,,,1,
2026-08-20T20:04:22,VRT,1h,buy,2026-08-20T20:02,signal,1,262.58,USD,38.78226900046957,29.0,-0.8895574682001676,1,0,111.13128224727693,1,1,clear,,0.1,10,7,amber,20.0,20.0,25.398884371488087,-5.398884371488087,169.09757401080782,84.54878700540391,-0.35601502775989097,4,,,,,1,
2026-08-20T20:04:22,STX,1h,buy,2026-08-20T20:02,signal,1,854.9675,USD,38.93696040304015,700.0,-0.18125542783790025,1,0,104.84275800974459,1,1,clear,,0.1,10,7,amber,20.0,20.0,25.857363881495765,-5.857363881495765,530.8548087581905,265.42740437909526,-0.3790935810329743,4,,,,,1,
2026-08-20T20:04:22,KLAC,1h,buy,2026-08-20T20:02,signal,1,185.545,USD,30.961639379251423,175.0,-0.05683257430811926,1,0,20.65993354607363,1,1,clear,,0.1,10,6,amber,16.72104397048045,11.721043970480453,23.39835905833786,-6.677315087857409,106.37682977130308,53.18841488565154,-0.4266790817790666,3,,,,,1,
2026-08-20T20:04:22,FTNT,1h,buy,2026-08-20T20:02,signal,1,150.85,USD,32.908126110077276,143.0,-0.052038448790188895,1,0,13.261763179949714,1,1,clear,,0.1,10,5,amber,13.261763179949714,7.21394135078951,24.010121163840054,-10.74835798389034,60.926632905691335,30.463316452845667,-0.5961111507743365,4,,,,,1,
2026-08-20T20:04:22,LITE,1h,buy,2026-08-20T20:02,signal,1,878.89,USD,51.33567020973025,640.28,-0.27149017510723755,1,0,-34971.96776929601,1,0,clear,,0.1,10,,n/a,,,,,,,,,,,,,1,
2026-08-20T20:04:22,META,1h,buy,2026-08-20T14:03,signal,1,544.205,USD,33.619956470424896,850.0,0.5619114120597936,1,1,-3.857269092594742,1,0,clear,,0.1,10,3,red,0.0,0.0,12.739836881144097,-12.739836881144097,52.497483381691666,26.248741690845833,-0.903533625413784,2,,,,,1,
2026-08-20T20:04:22,META,1h,buy,2026-08-20T18:30,signal,1,544.205,USD,33.619956470424896,850.0,0.5619114120597936,1,1,-3.857269092594742,1,0,clear,,0.1,10,3,red,0.0,0.0,12.739836881144097,-12.739836881144097,52.497483381691666,26.248741690845833,-0.903533625413784,2,,,,,1,
2026-08-20T20:04:22,AALB,1h,buy,2026-08-20T20:02,signal,1,42.08,EUR,36.46420240759732,43.93,0.043963878326996234,1,0,1.693801562385932,1,1,clear,,0.1,10,1,red,0.24297793760326564,0.0,15.651302069614722,-15.408324132011456,3.2229980385342465,1.6114990192671232,-0.9234078412895855,0,,,,,1,
2026-08-20T20:04:22,PSX,1h,sell,2026-08-20T20:02,sell,1,239.86,USD,47.802997267588005,160.0,-0.33294421746018515,1,1,322.8171929149018,1,0,clear,,0.1,10,10,amber,20.0,15.5961228273814,10.331537593622496,9.668462406377504,672.2311553691634,336.1155776845817,1.8025979962026322,4,,,,,1,
2026-08-20T20:04:22,KO,1h,sell,2026-08-20T19:30,sell,1,91.055,USD,69.53649796588033,75.0,-0.1763220031848883,1,1,17.602664493498224,1,0,clear,,0.1,10,6,amber,12.415353243553252,7.415353243553252,16.073260947327782,-3.65790770377453,65.65794792489429,32.828973962447144,-0.2789199063764287,2,,,,,1,
2026-08-20T20:04:22,TMO,1h,sell,2026-08-19T21:31,sell,0,625.465,USD,66.737112179369,560.0,-0.1046661284004701,1,1,7.601479432074029,1,0,clear,,0.1,10,3,red,7.229473294455244,7.224086333544916,18.466548214248107,-11.237074919792864,133.5315959408934,66.7657979704467,-0.7865082843310283,1,,,,,1,
2026-08-20T20:04:22,TMO,1h,sell,2026-08-20T19:30,sell,1,625.465,USD,66.737112179369,560.0,-0.1046661284004701,1,1,7.601479432074029,1,0,clear,,0.1,10,3,red,7.229473294455244,7.224086333544916,18.466548214248107,-11.237074919792864,133.5315959408934,66.7657979704467,-0.7865082843310283,1,,,,,1,
2026-08-20T20:04:22,TMO,1h,sell,2026-08-20T20:02,sell,1,625.465,USD,66.737112179369,560.0,-0.1046661284004701,1,1,7.601479432074029,1,0,clear,,0.1,10,3,red,7.229473294455244,7.224086333544916,18.466548214248107,-11.237074919792864,133.5315959408934,66.7657979704467,-0.7865082843310283,1,,,,,1,
2026-08-20T20:04:22,DHR,1h,sell,2026-08-19T15:30,sell,0,216.76,USD,66.79055311971567,247.0,0.1395091345266655,1,0,19.62321056879488,1,0,clear,,0.1,10,2,red,4.555865572814725,0.0,20.070057329308476,-15.514191756493751,19.805092158084282,9.902546079042141,-0.9086312411972491,2,,,,,1,
2026-08-20T20:04:22,DHR,1h,sell,2026-08-20T20:02,sell,1,216.76,USD,66.79055311971567,247.0,0.1395091345266655,1,0,19.62321056879488,1,0,clear,,0.1,10,2,red,4.555865572814725,0.0,20.070057329308476,-15.514191756493751,19.805092158084282,9.902546079042141,-0.9086312411972491,2,,,,,1,
2026-08-20T20:04:22,MDLZ,1h,sell,2026-08-20T20:02,sell,1,64.39,USD,64.4769553724241,77.0,0.1958378630222084,1,0,-0.4418638621092528,1,1,clear,,0.1,10,1,red,0.0,0.0,14.347932765653479,-14.347932765653479,5.391197314400344,2.695598657200172,-0.916272754862551,0,,,,,1,
2026-08-20T20:04:22,EL,1h,sell,2026-08-20T18:30,sell,1,96.45,USD,65.56647098320974,120.0,0.24416796267496108,1,0,71.24638877424681,1,0,clear,,0.1,10,1,red,5.506962423903156,5.506962423903156,41.13867159581444,-35.63170917191129,2.315555924943357,1.1577779624716784,-0.9759921625200274,1,,,,,1,
2026-08-20T20:04:22,NTES,1h,buy,2026-08-20T19:58,suspended,1,120.49,USD,32.75801462730669,200.0,0.6598887874512408,1,1,7.2644232840708325,1,1,after,,0.1,10,6,amber,8.50046092629983,7.2644232840708325,11.243732517542902,-2.7432715912430723,70.96484919921825,35.482424599609125,-0.41103121255524727,2,,,,,1,
2026-08-20T20:04:23,CDNS,4h,buy,2026-08-20T20:02,signal,1,314.68,USD,31.184227629069852,350.0,0.11224100673700264,1,0,35.99761891877266,1,1,clear,,0.2,5,4,red,14.704142250181606,5.258788429108837,26.056944796061792,-11.352802545880186,122.45947332399425,61.22973666199712,-0.6108444345875358,3,,,,,1,
2026-08-20T20:04:23,VLO,4h,sell,2026-08-20T20:02,sell,1,341.57,USD,62.70445293953647,190.0,-0.4437450595778318,1,1,899.6350970310168,1,0,clear,,0.2,5,9,amber,12.921579878930906,0.0,10.530636813589556,2.39094306534135,502.2013005983854,251.1006502991927,0.4702734449699488,4,,,,,1,
2026-08-20T20:04:23,REGN,4h,sell,2026-08-20T20:02,sell,1,827.32,USD,67.09576624835873,730.0,-0.11763283856307118,1,0,1.954010824539639,1,0,clear,,0.2,5,5,amber,8.202237519269847,1.954010824539639,12.710733625783423,-4.508496106513576,360.9154739050421,180.45773695252106,-0.5637534763996493,1,,,,,1,
2026-08-20T20:04:23,MDT,4h,sell,2026-08-20T20:02,sell,1,92.34,USD,62.594155524945485,112.0,0.21290881524799649,1,0,3.002073255010367,1,0,clear,,0.2,5,2,red,3.1265563610204197,3.002073255010367,14.899298158980848,-11.772741797960428,10.024696852320263,5.012348426160131,-0.8914371144431421,0,,,,,1,
2026-08-20T20:35:45,GEV,1h,buy,2026-08-20T20:35,signal,1,966.01,USD,36.884706453639176,1050.0,0.08694526971770479,1,0,735.9407527936638,1,1,clear,,0.1,10,9,amber,17.851175362437548,12.851175362437548,16.165235066472746,1.6859402959648015,1115.72984068521,557.864920342605,0.1549878786815976,4,,,,,1,
2026-08-20T20:35:45,STX,1h,buy,2026-08-20T20:35,signal,1,850.24,USD,37.573313932993656,700.0,-0.1767030485509974,1,0,104.84275800974459,1,1,clear,,0.1,10,7,amber,20.0,20.0,25.78759791023716,-5.78759791023716,530.8548087581905,265.42740437909526,-0.3756412204104835,4,,,,,1,
2026-08-20T20:35:45,VRT,1h,buy,2026-08-20T20:35,signal,1,264.63,USD,42.998594329016996,29.0,-0.8904130295129048,1,0,111.13128224727693,1,1,clear,,0.1,10,7,amber,20.0,20.0,25.496442837196625,-5.496442837196625,169.09757401080782,84.54878700540391,-0.36100376370476583,4,,,,,1,
2026-08-20T20:35:45,BRK.B,1h,buy,2026-08-20T20:35,signal,1,496.86,USD,30.11021197266909,510.0,0.026446081391136307,1,0,36.302726637147536,1,1,clear,,0.1,10,6,amber,3.927045989339486,0.0,9.864039947077906,-5.936993957738419,115.60307481101937,57.801537405509684,-0.7673326997322799,3,,,,,1,
2026-08-20T20:35:45,KLAC,1h,buy,2026-08-20T20:35,signal,1,185.86,USD,31.616297370129445,175.0,-0.058431077154847806,1,0,20.65993354607363,1,1,clear,,0.1,10,6,amber,16.72104397048045,11.721043970480453,23.419292427213733,-6.698248456733282,106.37682977130308,53.18841488565154,-0.42765075986601164,3,,,,,1,
2026-08-20T20:35:45,FTNT,1h,buy,2026-08-20T20:35,signal,1,150.79,USD,32.810254375435704,143.0,-0.05166125074607064,1,0,13.261763179949714,1,1,clear,,0.1,10,5,amber,13.261763179949714,7.21394135078951,24.005187826506237,-10.743424646556523,60.926632905691335,30.463316452845667,-0.5959504416361076,4,,,,,1,
2026-08-20T20:35:45,LITE,1h,buy,2026-08-20T20:35,signal,1,879.28,USD,51.73527706598545,640.28,-0.27181330179237556,1,0,-34971.96776929601,1,0,clear,,0.1,10,,n/a,,,,,,,,,,,,,1,
2026-08-20T20:35:45,AALB,1h,buy,2026-08-20T20:35,signal,1,42.08,EUR,36.46420240759732,43.93,0.043963878326996234,1,0,1.693801562385932,1,1,clear,,0.1,10,1,red,0.24297793760326564,0.0,15.651302069614722,-15.408324132011456,3.2229980385342465,1.6114990192671232,-0.9234078412895855,0,,,,,1,
2026-08-20T20:35:45,PSX,1h,sell,2026-08-20T20:35,sell,1,240.0,USD,48.29257631096726,160.0,-0.3333333333333333,1,1,322.8171929149018,1,0,clear,,0.1,10,10,amber,20.0,15.5961228273814,10.334651089204804,9.665348910795196,672.2311553691634,336.1155776845817,1.8009631473715142,4,,,,,1,
2026-08-20T20:35:45,TMO,1h,sell,2026-08-20T20:00,sell,1,627.55,USD,69.93837065347746,560.0,-0.10764082543223641,1,1,7.601479432074029,1,0,clear,,0.1,10,3,red,7.229473294455244,7.224086333544916,18.505980158248413,-11.27650686379317,133.5315959408934,66.7657979704467,-0.7872175986919075,1,,,,,1,
2026-08-20T20:35:45,DHR,1h,sell,2026-08-20T20:35,sell,1,215.91,USD,64.36779591326271,247.0,0.1439951831781761,1,0,19.62321056879488,1,0,clear,,0.1,10,2,red,4.555865572814725,0.0,20.022889911860155,-15.46702433904543,19.805092158084282,9.902546079042141,-0.9082715383350272,2,,,,,1,
2026-08-20T20:35:45,MDLZ,1h,sell,2026-08-20T20:35,sell,1,64.14,USD,60.14803664026639,77.0,0.20049890863735578,1,0,-0.4418638621092528,1,1,clear,,0.1,10,1,red,0.0,0.0,14.303458386788229,-14.303458386788229,5.391197314400344,2.695598657200172,-0.9159464091923862,0,,,,,1,
2026-08-20T20:35:45,VLO,4h,sell,2026-08-20T20:35,sell,1,341.51,USD,62.7647201006337,190.0,-0.4436473309712746,1,1,899.6350970310168,1,0,clear,,0.2,5,9,amber,12.921579878930906,0.0,10.5296894642293,2.3918904147016065,502.2013005983854,251.1006502991927,0.4705317577768891,4,,,,,1,
2026-08-20T20:35:45,KO,4h,sell,2026-08-20T17:30,sell,1,90.5,USD,67.35771441812591,75.0,-0.1712707182320442,1,1,17.602664493498224,1,0,clear,,0.2,5,6,amber,12.415353243553252,7.415353243553252,16.002316967298718,-3.586963723745466,65.65794792489429,32.828973962447144,-0.2744978129845935,2,,,,,1,
2026-08-20T20:35:45,REGN,4h,sell,2026-08-20T20:35,sell,1,826.64,USD,66.78625055802384,730.0,-0.11690699699990321,1,0,1.954010824539639,1,0,clear,,0.2,5,5,amber,8.202237519269847,1.954010824539639,12.701466152301645,-4.499228633031798,360.9154739050421,180.45773695252106,-0.5633946168767031,1,,,,,1,
2026-08-20T20:35:45,MDT,4h,sell,2026-08-20T20:35,sell,1,92.3,USD,62.2234219026581,112.0,0.21343445287107263,1,0,3.002073255010367,1,0,clear,,0.2,5,2,red,3.1265563610204197,3.002073255010367,14.894319960937562,-11.767763599917142,10.024696852320263,5.012348426160131,-0.8913900666054143,0,,,,,1,
2026-08-20T20:35:46,TGT,1d,sell,2026-08-20,sell,1,158.25,USD,69.71841417383727,121.0,-0.2353870458135861,1,1,12.326307936211874,1,0,clear,,0.3,2,5,amber,1.9547519878833777,0.0,11.34361107260828,-9.388859084724903,23.124592371773645,11.562296185886822,-0.8538730339856325,3,,,,,1,
2026-08-20T21:34:54,GEV,1h,buy,2026-08-20T21:34,signal,1,966.01,USD,36.884706453639176,1050.0,0.08694526971770479,1,0,735.9407527936638,1,1,clear,,0.1,10,9,amber,17.851175362437548,12.851175362437548,16.165235066472746,1.6859402959648015,1115.72984068521,557.864920342605,0.1549878786815976,4,,,,,1,
2026-08-20T21:34:54,STX,1h,buy,2026-08-20T21:34,signal,1,850.24,USD,37.573313932993656,700.0,-0.1767030485509974,1,0,104.84275800974459,1,1,clear,,0.1,10,7,amber,20.0,20.0,25.78759791023716,-5.78759791023716,530.8548087581905,265.42740437909526,-0.3756412204104835,4,,,,,1,
2026-08-20T21:34:54,VRT,1h,buy,2026-08-20T21:34,signal,1,264.63,USD,42.998594329016996,29.0,-0.8904130295129048,1,0,111.13128224727693,1,1,clear,,0.1,10,7,amber,20.0,20.0,25.496442837196625,-5.496442837196625,169.09757401080782,84.54878700540391,-0.36100376370476583,4,,,,,1,
2026-08-20T21:34:54,BRK.B,1h,buy,2026-08-20T21:34,signal,1,496.86,USD,30.11021197266909,510.0,0.026446081391136307,1,0,36.302726637147536,1,1,clear,,0.1,10,6,amber,3.927045989339486,0.0,9.864039947077906,-5.936993957738419,115.60307481101937,57.801537405509684,-0.7673326997322799,3,,,,,1,
2026-08-20T21:34:54,KLAC,1h,buy,2026-08-20T21:34,signal,1,185.86,USD,31.616297370129445,175.0,-0.058431077154847806,1,0,20.65993354607363,1,1,clear,,0.1,10,6,amber,16.72104397048045,11.721043970480453,23.419292427213733,-6.698248456733282,106.37682977130308,53.18841488565154,-0.42765075986601164,3,,,,,1,
2026-08-20T21:34:54,FTNT,1h,buy,2026-08-20T21:34,signal,1,150.79,USD,32.810254375435704,143.0,-0.05166125074607064,1,0,13.261763179949714,1,1,clear,,0.1,10,5,amber,13.261763179949714,7.21394135078951,24.005187826506237,-10.743424646556523,60.926632905691335,30.463316452845667,-0.5959504416361076,4,,,,,1,
2026-08-20T21:34:54,LITE,1h,buy,2026-08-20T21:34,signal,1,879.28,USD,51.73527706598545,640.28,-0.27181330179237556,1,0,-34971.96776929601,1,0,clear,,0.1,10,,n/a,,,,,,,,,,,,,1,
2026-08-20T21:34:54,AALB,1h,buy,2026-08-20T21:34,signal,1,42.08,EUR,36.46420240759732,43.93,0.043963878326996234,1,0,1.693801562385932,1,1,clear,,0.1,10,1,red,0.24297793760326564,0.0,15.651302069614722,-15.408324132011456,3.2229980385342465,1.6114990192671232,-0.9234078412895855,0,,,,,1,
2026-08-20T21:34:54,PSX,1h,sell,2026-08-20T21:34,sell,1,240.0,USD,48.29257631096726,160.0,-0.3333333333333333,1,1,322.8171929149018,1,0,clear,,0.1,10,10,amber,20.0,15.5961228273814,10.334651089204804,9.665348910795196,672.2311553691634,336.1155776845817,1.8009631473715142,4,,,,,1,
2026-08-20T21:34:54,DHR,1h,sell,2026-08-20T21:34,sell,1,215.91,USD,64.36779591326271,247.0,0.1439951831781761,1,0,19.62321056879488,1,0,clear,,0.1,10,2,red,4.555865572814725,0.0,20.022889911860155,-15.46702433904543,19.805092158084282,9.902546079042141,-0.9082715383350272,2,,,,,1,
2026-08-20T21:34:54,MDLZ,1h,sell,2026-08-20T21:34,sell,1,64.14,USD,60.14803664026639,77.0,0.20049890863735578,1,0,-0.4418638621092528,1,1,clear,,0.1,10,1,red,0.0,0.0,14.303458386788229,-14.303458386788229,5.391197314400344,2.695598657200172,-0.9159464091923862,0,,,,,1,
2026-08-20T21:34:54,VLO,4h,sell,2026-08-20T21:34,sell,1,341.51,USD,62.7647201006337,190.0,-0.4436473309712746,1,1,899.6350970310168,1,0,clear,,0.2,5,9,amber,12.921579878930906,0.0,10.5296894642293,2.3918904147016065,502.2013005983854,251.1006502991927,0.4705317577768891,4,,,,,1,
2026-08-20T21:34:54,REGN,4h,sell,2026-08-20T21:34,sell,1,826.64,USD,66.78625055802384,730.0,-0.11690699699990321,1,0,1.954010824539639,1,0,clear,,0.2,5,5,amber,8.202237519269847,1.954010824539639,12.701466152301645,-4.499228633031798,360.9154739050421,180.45773695252106,-0.5633946168767031,1,,,,,1,
2026-08-20T21:34:54,MDT,4h,sell,2026-08-20T21:34,sell,1,92.3,USD,62.2234219026581,112.0,0.21343445287107263,1,0,3.002073255010367,1,0,clear,,0.2,5,2,red,3.1265563610204197,3.002073255010367,14.894319960937562,-11.767763599917142,10.024696852320263,5.012348426160131,-0.8913900666054143,0,,,,,1,
2026-08-21T06:56:32,BESI,1h,buy,2026-08-20T14:00,strong,0,210.8,EUR,30.307544420390826,265.0,0.2571157495256166,1,1,25.033679753656674,1,1,clear,,0.1,10,6,amber,20.0,0.0,27.65751713810375,-7.657517138103749,113.5583655080891,56.77918275404455,-0.46129807633733827,4,,,,,1,
2026-08-21T06:56:32,BESI,1h,buy,2026-08-20T15:00,strong,0,210.8,EUR,30.307544420390826,265.0,0.2571157495256166,1,1,25.033679753656674,1,1,clear,,0.1,10,6,amber,20.0,0.0,27.65751713810375,-7.657517138103749,113.5583655080891,56.77918275404455,-0.46129807633733827,4,,,,,1,
2026-08-21T06:56:32,BESI,1h,buy,2026-08-20T21:34,strong,0,210.8,EUR,30.307544420390826,265.0,0.2571157495256166,1,1,25.033679753656674,1,1,clear,,0.1,10,6,amber,20.0,0.0,27.65751713810375,-7.657517138103749,113.5583655080891,56.77918275404455,-0.46129807633733827,4,,,,,1,
2026-08-21T06:56:32,ASML,1h,buy,2026-08-20T14:00,strong,0,1505.4,EUR,36.48060461400833,1800.0,0.19569549621363086,1,1,14.701399935041682,1,1,clear,,0.1,10,5,amber,14.701399935041682,9.837920860110748,22.71404848720858,-8.012648552166898,766.2954631336835,383.14773156684174,-0.49096886997895345,2,,,,,1,
2026-08-21T06:56:32,ASM,1h,buy,2026-08-20T15:00,strong,0,824.6,EUR,35.18440575140191,950.0,0.152073732718894,1,1,104.67438400134759,1,1,clear,,0.1,10,3,red,5.883962780514506,3.11117486783507,18.242014622203882,-12.358051841689377,128.70247381128635,64.35123690564318,-0.8439213269327112,2,,,,,1,
2026-08-21T06:56:32,INGA,1h,buy,2026-08-20T13:00,signal,0,29.74,EUR,33.11642700877995,25.0,-0.15938130464021516,1,0,6.900035358892753,1,1,clear,,0.1,10,4,red,5.983786550285963,5.067537741679173,9.350062775503517,-3.366276225217554,13.922155543050865,6.961077771525432,-0.5318710308321835,0,,,,,1,
2026-08-21T06:56:32,INGA,1h,buy,2026-08-20T21:34,signal,0,29.74,EUR,33.11642700877995,25.0,-0.15938130464021516,1,0,6.900035358892753,1,1,clear,,0.1,10,4,red,5.983786550285963,5.067537741679173,9.350062775503517,-3.366276225217554,13.922155543050865,6.961077771525432,-0.5318710308321835,0,,,,,1,
2026-08-21T06:56:32,ABN,1h,buy,2026-08-20T12:00,signal,0,40.21,EUR,40.094000067714894,39.0,-0.030092016911216136,1,0,9.433214427269125,1,1,clear,,0.1,10,3,red,0.0,0.0,9.479745482794321,-9.479745482794321,6.858980941757461,3.4294904708787306,-0.829421016121426,0,,,,,1,
2026-08-21T06:56:32,AALB,1h,buy,2026-08-20T14:00,signal,0,42.08,EUR,36.46420240759732,43.93,0.043963878326996234,1,0,1.693801562385932,1,1,clear,,0.1,10,1,red,0.24297793760326564,0.0,15.651302069614722,-15.408324132011456,3.2229980385342465,1.6114990192671232,-0.9234078412895855,0,,,,,1,
2026-08-21T06:56:32,AALB,1h,buy,2026-08-20T15:00,signal,0,42.08,EUR,36.46420240759732,43.93,0.043963878326996234,1,0,1.693801562385932,1,1,clear,,0.1,10,1,red,0.24297793760326564,0.0,15.651302069614722,-15.408324132011456,3.2229980385342465,1.6114990192671232,-0.9234078412895855,0,,,,,1,
2026-08-21T06:56:32,BYD,1h,sell,2026-08-21T04:30,sell,1,93.15,HKD,67.82120748672166,107.0,0.14868491680085877,1,0,-40.48565440485654,1,1,clear,,0.1,10,1,red,0.0,0.0,43.050219968706074,-43.050219968706074,0.8307063647460063,0.41535318237300317,-0.991082057275942,0,,,,,1,
2026-08-21T06:56:33,HEIA,4h,buy,2026-08-20T14:03,signal,0,71.78,EUR,33.93390896896257,86.0,0.19810532181666202,1,0,26.557224717360995,1,1,clear,,0.2,5,5,amber,5.812283648078966,0.8122836480789662,10.979055288701169,-5.166771640622202,23.590433484866807,11.795216742433404,-0.6713508848583616,2,,,,,1,
2026-08-21T07:42:14,XIAOMI,1h,sell,2026-08-21T06:30,sell,1,28.92,HKD,69.20428604981815,33.0,0.1410788381742738,1,0,-11.205334023821855,1,1,clear,,0.1,10,1,red,5.717209407204496,0.0,38.91749900381616,-33.20028959661167,0.861707201776521,0.4308536008882605,-0.9702037620409225,1,,,,,1,
2026-08-21T07:42:15,AALB,4h,buy,2026-08-21T07:41,signal,1,42.3,EUR,30.47032821296834,43.93,0.03853427895981094,1,0,1.693801562385932,1,1,clear,,0.2,5,1,red,0.24297793760326564,0.0,15.711624371106993,-15.468646433503727,3.2229980385342465,1.6114990192671232,-0.9238061929424529,0,,,,,1,
2026-08-21T08:39:11,AD,1h,buy,2026-08-19T13:00,strong,0,31.07,EUR,30.255872001613497,39.0,0.25523012552301255,1,1,24.307479224376735,1,1,clear,,0.1,10,5,amber,4.756675068469235,0.0,9.135677537224986,-4.3790024687557505,10.741218313382221,5.370609156691111,-0.6542897227749527,1,,,,,1,
2026-08-21T08:39:11,AD,1h,buy,2026-08-19T14:00,strong,0,31.07,EUR,30.255872001613497,39.0,0.25523012552301255,1,1,24.307479224376735,1,1,clear,,0.1,10,5,amber,4.756675068469235,0.0,9.135677537224986,-4.3790024687557505,10.741218313382221,5.370609156691111,-0.6542897227749527,1,,,,,1,
2026-08-21T08:39:11,AD,1h,buy,2026-08-21T07:00,strong,1,31.07,EUR,30.255872001613497,39.0,0.25523012552301255,1,1,24.307479224376735,1,1,clear,,0.1,10,5,amber,4.756675068469235,0.0,9.135677537224986,-4.3790024687557505,10.741218313382221,5.370609156691111,-0.6542897227749527,1,,,,,1,
2026-08-21T08:39:11,XIAOMI,1h,sell,2026-08-21T08:38,sell,1,29.02,HKD,69.79506824079085,33.0,0.13714679531357685,1,0,-11.205334023821855,1,1,clear,,0.1,10,1,red,5.717209407204496,0.0,38.96545952015818,-33.248250112953684,0.861707201776521,0.4308536008882605,-0.9703064368788242,1,,,,,1,
2026-08-21T08:39:11,AALB,4h,buy,2026-08-21T07:00,signal,1,42.4,EUR,33.588821582787745,43.93,0.036084905660377385,1,0,1.693801562385932,1,1,clear,,0.2,5,1,red,0.24297793760326564,0.0,15.738950307487546,-15.49597236988428,3.2229980385342465,1.6114990192671232,-0.9239858953175885,0,,,,,1,
2026-08-21T10:29:57,AD,1h,buy,2026-08-21T10:00,strong,1,31.06,EUR,31.912645734237117,39.0,0.2556342562781713,1,1,24.307479224376735,1,1,clear,,0.1,10,5,amber,4.756675068469235,0.0,9.13407681504227,-4.377401746573035,10.741218313382221,5.370609156691111,-0.6541784187578163,1,,,,,1,
2026-08-21T10:29:57,SBUX,1h,buy,2026-08-20T19:30,signal,0,103.98,USD,35.361601294771816,,,0,0,-24.99351267191419,1,0,clear,,0.1,10,1,red,0.0,0.0,25.513538916528205,-25.513538916528205,3.4295394866172155,1.7147697433086078,-0.9670204876755725,2,,,,,1,
2026-08-21T10:29:57,GEV,1h,buy,2026-08-20T18:30,signal,0,966.01,USD,36.884706453639176,1050.0,0.08694526971770479,1,0,735.9407527936638,1,1,clear,,0.1,10,9,amber,17.851175362437548,12.851175362437548,16.165235066472746,1.6859402959648015,1115.72984068521,557.864920342605,0.1549878786815976,4,,,,,1,
2026-08-21T10:29:57,STX,1h,buy,2026-08-20T14:30,signal,0,850.24,USD,37.573313932993656,700.0,-0.1767030485509974,1,0,104.84275800974459,1,1,clear,,0.1,10,7,amber,20.0,20.0,25.78759791023716,-5.78759791023716,530.8548087581905,265.42740437909526,-0.3756412204104835,4,,,,,1,
2026-08-21T10:29:57,VRT,1h,buy,2026-08-20T17:30,signal,0,264.63,USD,42.998594329016996,29.0,-0.8904130295129048,1,0,111.13128224727693,1,1,clear,,0.1,10,7,amber,20.0,20.0,25.496442837196625,-5.496442837196625,169.09757401080782,84.54878700540391,-0.36100376370476583,4,,,,,1,
2026-08-21T10:29:57,KLAC,1h,buy,2026-08-20T14:30,signal,0,185.86,USD,31.616297370129445,175.0,-0.058431077154847806,1,0,20.65993354607363,1,1,clear,,0.1,10,6,amber,16.72104397048045,11.721043970480453,23.419292427213733,-6.698248456733282,106.37682977130308,53.18841488565154,-0.42765075986601164,3,,,,,1,
2026-08-21T10:29:57,KLAC,1h,buy,2026-08-20T18:30,signal,0,185.86,USD,31.616297370129445,175.0,-0.058431077154847806,1,0,20.65993354607363,1,1,clear,,0.1,10,6,amber,16.72104397048045,11.721043970480453,23.419292427213733,-6.698248456733282,106.37682977130308,53.18841488565154,-0.42765075986601164,3,,,,,1,
2026-08-21T10:29:57,FTNT,1h,buy,2026-08-20T14:30,signal,0,150.79,USD,32.810254375435704,143.0,-0.05166125074607064,1,0,13.261763179949714,1,1,clear,,0.1,10,5,amber,13.261763179949714,7.21394135078951,24.005187826506237,-10.743424646556523,60.926632905691335,30.463316452845667,-0.5959504416361076,4,,,,,1,
2026-08-21T10:29:57,FTNT,1h,buy,2026-08-20T18:30,signal,0,150.79,USD,32.810254375435704,143.0,-0.05166125074607064,1,0,13.261763179949714,1,1,clear,,0.1,10,5,amber,13.261763179949714,7.21394135078951,24.005187826506237,-10.743424646556523,60.926632905691335,30.463316452845667,-0.5959504416361076,4,,,,,1,
2026-08-21T10:29:57,LITE,1h,buy,2026-08-20T13:30,signal,0,879.28,USD,51.73527706598545,640.28,-0.27181330179237556,1,0,-34971.96776929601,1,0,clear,,0.1,10,,n/a,,,,,,,,,,,,,1,
2026-08-21T10:29:57,LITE,1h,buy,2026-08-20T14:30,signal,0,879.28,USD,51.73527706598545,640.28,-0.27181330179237556,1,0,-34971.96776929601,1,0,clear,,0.1,10,,n/a,,,,,,,,,,,,,1,
2026-08-21T10:29:57,PANW,1h,buy,2026-08-20T15:30,signal,0,349.56,USD,30.846407848741933,285.0,-0.18468932372124958,1,0,-30.432045779685268,1,0,clear,,0.1,10,1,red,0.0,0.0,46.81599436631082,-46.81599436631082,2.4040195778588185,1.2020097889294092,-0.9931227269199598,2,,,,,1,
2026-08-21T10:29:57,PANW,1h,buy,2026-08-20T18:30,signal,0,349.56,USD,30.846407848741933,285.0,-0.18468932372124958,1,0,-30.432045779685268,1,0,clear,,0.1,10,1,red,0.0,0.0,46.81599436631082,-46.81599436631082,2.4040195778588185,1.2020097889294092,-0.9931227269199598,2,,,,,1,
2026-08-21T10:29:57,PSX,1h,sell,2026-08-20T16:30,sell,0,240.0,USD,48.29257631096726,160.0,-0.3333333333333333,1,1,322.8171929149018,1,0,clear,,0.1,10,10,amber,20.0,15.5961228273814,10.334651089204804,9.665348910795196,672.2311553691634,336.1155776845817,1.8009631473715142,4,,,,,1,
2026-08-21T10:29:57,NEM,1h,sell,2026-08-20T15:30,sell,0,127.64,USD,67.9008626356933,67.0,-0.47508617988091506,1,1,42.18029048995494,1,0,clear,,0.1,10,10,green,20.0,20.0,11.238356066959653,8.761643933040347,303.0127207005001,151.50636035025005,1.3739636532474155,4,,,,,1,
2026-08-21T10:29:57,DHR,1h,sell,2026-08-20T19:30,sell,0,215.91,USD,64.36779591326271,247.0,0.1439951831781761,1,0,19.62321056879488,1,0,clear,,0.1,10,2,red,4.555865572814725,0.0,20.022889911860155,-15.46702433904543,19.805092158084282,9.902546079042141,-0.9082715383350272,2,,,,,1,
2026-08-21T10:29:57,SNPS,1h,buy,2026-08-20T18:30,suspended,0,397.92,USD,36.2237770126233,520.0,0.30679533574587853,1,1,-68.87197361409169,1,0,before,3,0.1,10,1,red,0.0,0.0,31.01164993183471,-31.01164993183471,8.54764713769412,4.27382356884706,-0.9785191819016533,2,,,,,1,
2026-08-21T10:29:57,VLO,4h,sell,2026-08-20T17:30,sell,0,341.51,USD,62.7647201006337,190.0,-0.4436473309712746,1,1,899.6350970310168,1,0,clear,,0.2,5,9,amber,12.921579878930906,0.0,10.5296894642293,2.3918904147016065,502.2013005983854,251.1006502991927,0.4705317577768891,4,,,,,1,
2026-08-21T10:29:57,GILD,4h,sell,2026-08-20T14:03,sell,0,143.45,USD,63.11664818159172,,,0,0,-152.8405474220242,1,1,clear,,0.2,5,,n/a,,,,,,,,,,,,,1,
2026-08-21T10:29:57,REGN,4h,sell,2026-08-20T17:30,sell,0,826.64,USD,66.78625055802384,730.0,-0.11690699699990321,1,0,1.954010824539639,1,0,clear,,0.2,5,5,amber,8.202237519269847,1.954010824539639,12.701466152301645,-4.499228633031798,360.9154739050421,180.45773695252106,-0.5633946168767031,1,,,,,1,
2026-08-21T10:29:57,MDT,4h,sell,2026-08-20T13:30,sell,0,92.3,USD,62.2234219026581,112.0,0.21343445287107263,1,0,3.002073255010367,1,0,clear,,0.2,5,2,red,3.1265563610204197,3.002073255010367,14.894319960937562,-11.767763599917142,10.024696852320263,5.012348426160131,-0.8913900666054143,0,,,,,1,
2026-08-21T10:29:57,MDT,4h,sell,2026-08-20T17:30,sell,0,92.3,USD,62.2234219026581,112.0,0.21343445287107263,1,0,3.002073255010367,1,0,clear,,0.2,5,2,red,3.1265563610204197,3.002073255010367,14.894319960937562,-11.767763599917142,10.024696852320263,5.012348426160131,-0.8913900666054143,0,,,,,1,
2026-08-21T11:35:05,AD,1h,buy,2026-08-21T11:00,strong,1,31.04,EUR,30.377780000403135,39.0,0.2564432989690722,1,1,24.307479224376735,1,1,clear,,0.1,10,5,amber,4.756675068469235,0.0,9.130874314573152,-4.374199246103917,10.741218313382221,5.370609156691111,-0.6539555955740264,1,,,,,1,
2026-08-21T11:35:05,RR,1h,buy,2026-08-21T11:34,signal,1,1493.8,GBX,30.92955625901631,1520.0,0.01753916186905881,1,0,-47.05623901581722,1,0,clear,,0.1,10,2,red,18.563824342307296,0.0,60.0,-41.4361756576927,16.25687834416237,8.128439172081185,-0.9891170984441275,3,,,,,1,
2026-08-21T12:44:35,NN,1h,buy,2026-08-19T14:02,signal,0,75.86,EUR,34.24273979473827,80.0,0.05457421566042711,1,0,44.62834595286338,1,1,clear,,0.1,10,10,green,20.0,0.0,8.64635850617151,11.35364149382849,296.3127412451616,148.1563706225808,2.906047208610092,2,,,,,1,
2026-08-21T12:44:35,NN,1h,buy,2026-08-21T12:00,signal,1,75.86,EUR,34.24273979473827,80.0,0.05457421566042711,1,0,44.62834595286338,1,1,clear,,0.1,10,10,green,20.0,0.0,8.64635850617151,11.35364149382849,296.3127412451616,148.1563706225808,2.906047208610092,2,,,,,1,
2026-08-21T12:44:35,RR,1h,buy,2026-08-21T11:00,signal,1,1502.9796,GBX,40.66589234272189,1520.0,0.011324438468759064,1,0,-47.05623901581722,1,0,clear,,0.1,10,2,red,18.563824342307296,0.0,60.0,-41.4361756576927,16.25687834416237,8.128439172081185,-0.9891835668666679,3,,,,,1,
2026-08-21T13:45:08,FTNT,1h,buy,2026-08-21T13:44,signal,1,150.79,USD,32.810254375435704,143.0,-0.05166125074607064,1,0,13.261763179949714,1,1,clear,,0.1,10,5,amber,13.261763179949714,7.21394135078951,24.005187826506237,-10.743424646556523,60.926632905691335,30.463316452845667,-0.5959504416361076,4,,,,,1,
2026-08-21T13:45:08,PANW,1h,buy,2026-08-21T13:44,signal,1,349.56,USD,30.846407848741933,285.0,-0.18468932372124958,1,0,-30.432045779685268,1,0,clear,,0.1,10,1,red,0.0,0.0,46.81599436631082,-46.81599436631082,2.4040195778588185,1.2020097889294092,-0.9931227269199598,2,,,,,1,
2026-08-21T13:45:08,NEM,1h,sell,2026-08-21T13:44,sell,1,127.64,USD,67.9008626356933,67.0,-0.47508617988091506,1,1,42.18029048995494,1,0,clear,,0.1,10,10,green,20.0,20.0,11.238356066959653,8.761643933040347,303.0127207005001,151.50636035025005,1.3739636532474155,4,,,,,1,
2026-08-21T13:45:09,APP,4h,buy,2026-08-21T13:44,strong,1,308.77,USD,31.865171905417952,470.0,0.522168604462869,1,1,93.2791585577823,1,1,clear,,0.2,5,10,green,20.0,20.0,14.403405364401355,5.596594635598645,497.80360623510234,248.90180311755117,0.6122149374456792,4,,,,,1,
2026-08-21T13:45:09,AMGN,4h,sell,2026-08-21T13:44,sell,1,431.21,USD,69.40642056332997,342.0,-0.20688295725980377,1,1,31.702528020944104,1,0,clear,,0.2,5,7,amber,14.892702010758565,9.892702010758565,15.7965257872169,-0.903823776458335,398.71076337932703,199.35538168966352,-0.07536753929795911,2,,,,,1,
2026-08-21T13:45:09,REGN,4h,sell,2026-08-21T13:44,sell,1,826.64,USD,66.78625055802384,730.0,-0.11690699699990321,1,0,1.954010824539639,1,0,clear,,0.2,5,5,amber,8.202237519269847,1.954010824539639,12.701466152301645,-4.499228633031798,360.9154739050421,180.45773695252106,-0.5633946168767031,1,,,,,1,
2026-08-21T14:35:30,ANET,1h,buy,2026-08-20T15:30,strong,0,184.64,USD,32.26829576170066,230.0,0.24566724436741777,1,1,24.726700747149035,1,1,clear,,0.1,10,7,amber,20.0,20.0,25.14279173309165,-5.142791733091649,121.36119954009145,60.680599770045724,-0.342714473894652,4,,,,,1,
2026-08-21T14:35:30,ANET,1h,buy,2026-08-20T18:30,strong,0,184.64,USD,32.26829576170066,230.0,0.24566724436741777,1,1,24.726700747149035,1,1,clear,,0.1,10,7,amber,20.0,20.0,25.14279173309165,-5.142791733091649,121.36119954009145,60.680599770045724,-0.342714473894652,4,,,,,1,
2026-08-21T14:35:30,ANET,1h,buy,2026-08-21T13:30,strong,1,184.64,USD,32.26829576170066,230.0,0.24566724436741777,1,1,24.726700747149035,1,1,clear,,0.1,10,7,amber,20.0,20.0,25.14279173309165,-5.142791733091649,121.36119954009145,60.680599770045724,-0.342714473894652,4,,,,,1,
2026-08-21T14:35:30,GE,1h,buy,2026-08-21T14:34,signal,1,347.91,USD,30.787387341116514,347.0,-0.0026156189819206833,1,0,18.431815961025716,1,1,clear,,0.1,10,8,green,20.0,18.431815961025716,20.834222725630433,-0.8342227256304326,324.6234166776246,162.3117083388123,-0.06693277951877039,4,,,,,1,
2026-08-21T14:35:30,C,1h,buy,2026-08-21T13:30,signal,1,131.29,USD,31.49107662274072,129.0,-0.01744230329804244,1,0,36.96699982257968,1,1,clear,,0.1,10,7,amber,8.914180933427033,3.914180933427034,10.531938702292702,-1.617757768865669,95.88953075414024,47.94476537707012,-0.2696356862355073,2,,,,,1,
2026-08-21T14:35:30,ROST,1h,buy,2026-08-21T13:30,signal,1,235.5583,USD,51.20788096117011,176.0,-0.2528388938110014,1,0,13.472182686529393,1,1,clear,,0.1,10,7,amber,11.855129931267335,4.6749093672328925,18.176105657070913,-6.320975725803578,128.93090770859533,64.46545385429766,-0.4526581839459899,4,,,,,1,
2026-08-21T14:35:30,JPM,1h,buy,2026-08-21T14:34,signal,1,354.71,USD,38.823088803659324,320.0,-0.0978545854359899,1,0,19.772185022704537,1,1,clear,,0.1,10,6,amber,8.204007259475325,1.3446263042520727,10.911689018618954,-2.707681759143629,208.28967711764764,104.14483855882382,-0.4127888215227999,2,,,,,1,
2026-08-21T14:35:30,JCI,1h,buy,2026-08-20T14:30,signal,0,144.6613,USD,35.69952772279113,129.0,-0.10826185026679568,1,0,70.84942084942087,1,1,clear,,0.1,10,4,red,8.559987312663546,6.80711050337578,15.067694888529047,-6.507707575865501,55.34510037250488,27.67255018625244,-0.6174159891242172,1,,,,,1,
2026-08-21T14:35:30,JCI,1h,buy,2026-08-21T13:30,signal,1,144.6613,USD,35.69952772279113,129.0,-0.10826185026679568,1,0,70.84942084942087,1,1,clear,,0.1,10,4,red,8.559987312663546,6.80711050337578,15.067694888529047,-6.507707575865501,55.34510037250488,27.67255018625244,-0.6174159891242172,1,,,,,1,
2026-08-21T14:35:30,BNY,1h,buy,2026-08-20T14:30,signal,0,159.55,USD,41.87431968920376,135.0,-0.15387026010654972,1,0,31.18795246968262,1,1,clear,,0.1,10,4,red,5.379060030225702,0.3790600302257017,12.04701534542917,-6.667955315203468,38.57127677434974,19.28563838717487,-0.758249597152305,1,,,,,1,
2026-08-21T14:35:30,BNY,1h,buy,2026-08-20T16:30,signal,0,159.55,USD,41.87431968920376,135.0,-0.15387026010654972,1,0,31.18795246968262,1,1,clear,,0.1,10,4,red,5.379060030225702,0.3790600302257017,12.04701534542917,-6.667955315203468,38.57127677434974,19.28563838717487,-0.758249597152305,1,,,,,1,
2026-08-21T14:35:30,BNY,1h,buy,2026-08-21T13:30,signal,1,159.55,USD,41.87431968920376,135.0,-0.15387026010654972,1,0,31.18795246968262,1,1,clear,,0.1,10,4,red,5.379060030225702,0.3790600302257017,12.04701534542917,-6.667955315203468,38.57127677434974,19.28563838717487,-0.758249597152305,1,,,,,1,
2026-08-21T14:35:30,EMR,1h,buy,2026-08-20T14:30,signal,0,155.55,USD,35.03535168668711,104.0,-0.33140469302475095,1,0,-1.699102117970537,1,0,clear,,0.1,10,2,red,4.821378340365682,0.0,18.58763072558213,-13.766252385216449,17.467709184605432,8.733854592302716,-0.8877035732265802,1,,,,,1,
2026-08-21T14:35:30,EMR,1h,buy,2026-08-21T13:30,signal,1,155.55,USD,35.03535168668711,104.0,-0.33140469302475095,1,0,-1.699102117970537,1,0,clear,,0.1,10,2,red,4.821378340365682,0.0,18.58763072558213,-13.766252385216449,17.467709184605432,8.733854592302716,-0.8877035732265802,1,,,,,1,
2026-08-21T14:35:30,COF,1h,buy,2026-08-21T13:30,signal,1,217.95,USD,46.635390666813095,214.0,-0.018123422803395222,1,0,-76.17936014778739,1,0,clear,,0.1,10,1,red,0.0,0.0,28.66388329122144,-28.66388329122144,5.609708594612073,2.8048542973060364,-0.974261488439495,2,,,,,1,
2026-08-21T14:35:31,AVGO,4h,buy,2026-08-21T14:34,strong,1,367.795,USD,32.995887100198914,650.0,0.767288842969589,1,1,125.81008946695735,1,1,clear,,0.2,5,7,amber,20.0,20.0,25.77625469810848,-5.776254698108481,229.84322013914155,114.92161006957078,-0.3750779098706031,4,,,,,1,
2026-08-21T14:35:31,RCL,4h,buy,2026-08-21T13:30,signal,1,290.58,USD,31.395852144816416,262.0,-0.09835501410971156,1,0,22.036223309239748,1,1,clear,,0.2,5,8,green,13.717411545623836,8.717411545623836,11.848032494295325,1.8693790513285116,361.8392408339655,180.91962041698275,0.24523105800112024,2,,,,,1,
2026-08-21T14:35:31,ROST,4h,buy,2026-08-21T13:30,signal,1,235.5583,USD,40.16058402751966,176.0,-0.2528388938110014,1,0,13.472182686529393,1,1,clear,,0.2,5,7,amber,11.855129931267335,4.6749093672328925,18.176105657070913,-6.320975725803578,128.93090770859533,64.46545385429766,-0.4526581839459899,4,,,,,1,
2026-08-21T14:35:31,UNH,4h,buy,2026-08-21T14:34,signal,1,390.1,USD,36.51547852583783,475.0,0.21763650346065105,1,1,-32.64203819448956,1,0,clear,,0.2,5,1,red,0.0,0.0,15.039133640592453,-15.039133640592453,30.751754919209088,15.375877459604544,-0.9211695592945166,0,,,,,1,
2026-08-21T14:35:31,TMO,4h,sell,2026-08-21T14:34,sell,1,622.15,USD,68.15173742891383,560.0,-0.09989552358755924,1,0,7.601479432074029,1,0,clear,,0.2,5,3,red,7.229473294455244,7.224086333544916,18.403610015848614,-11.17413672139337,133.5315959408934,66.7657979704467,-0.7853707370555438,1,,,,,1,
2026-08-21T14:35:31,ITUB,1d,buy,2026-08-21,signal,1,7.395,USD,37.732401893105106,7.7,0.04124408384043281,1,0,12.95451199764463,1,1,clear,,0.3,2,6,amber,7.531306700434179,5.281690140845075,8.568259736567349,-1.0369530361331698,5.905223743111297,2.9526118715556486,-0.20145723554952027,1,,,,,1,
2026-08-21T15:32:59,GE,1h,buy,2026-08-21T15:32,signal,1,347.99,USD,31.64593044579341,347.0,-0.0028449093364752123,1,0,18.431815961025716,1,1,clear,,0.1,10,8,green,20.0,18.431815961025716,20.837000954970662,-0.8370009549706623,324.6234166776246,162.3117083388123,-0.06714728389429406,4,,,,,1,
2026-08-21T15:32:59,JPM,1h,buy,2026-08-21T15:32,signal,1,352.495,USD,31.80035739106313,320.0,-0.09218570476176968,1,0,19.772185022704537,1,1,clear,,0.1,10,6,amber,8.204007259475325,1.3446263042520727,10.877264275546992,-2.673257016071666,208.28967711764764,104.14483855882382,-0.409098917381388,2,,,,,1,
2026-08-21T15:33:00,AVGO,4h,buy,2026-08-21T15:32,strong,1,367.33,USD,32.45873995921514,650.0,0.7695260392562546,1,1,125.81008946695735,1,1,clear,,0.2,5,7,amber,20.0,20.0,25.760343862022893,-5.760343862022893,229.84322013914155,114.92161006957078,-0.37428682618043296,4,,,,,1,
2026-08-21T15:33:00,CDNS,4h,buy,2026-08-21T13:30,signal,1,315.525,USD,33.17203196844669,350.0,0.10926234054353863,1,0,35.99761891877266,1,1,clear,,0.2,5,4,red,14.704142250181606,5.258788429108837,26.090753625184725,-11.386611375003119,122.45947332399425,61.22973666199712,-0.6118866228539918,3,,,,,1,
2026-08-21T15:33:00,UNH,4h,buy,2026-08-21T15:32,signal,1,392.58,USD,40.19432082773811,475.0,0.20994446991695964,1,1,-32.64203819448956,1,0,clear,,0.2,5,1,red,0.0,0.0,15.112059593769903,-15.112059593769903,30.751754919209088,15.375877459604544,-0.9216675456742344,0,,,,,1,
2026-08-21T16:35:09,TXN,1h,buy,2026-08-21T14:30,strong,1,263.325,USD,30.34808639682771,325.0,0.2342162726668566,1,1,20.161231354197135,1,1,clear,,0.1,10,7,amber,16.659670164917543,4.830731923247182,20.55207870636221,-3.8924085414446665,189.64984877717833,94.82492438858917,-0.27978790932430136,4,,,,,1,
2026-08-21T16:35:09,NUE,1h,buy,2026-08-21T13:30,signal,1,244.085,USD,35.596907858054536,206.89,-0.15238543949853542,1,0,126.28899480069322,1,1,clear,,0.1,10,9,amber,17.18760144075081,0.0,12.322670228452605,4.864931212298206,378.34564387988496,189.17282193994248,0.5500569223011859,3,,,,,1,
2026-08-21T16:35:09,GE,1h,buy,2026-08-21T13:30,signal,1,350.33,USD,37.464954256729094,347.0,-0.009505323552079423,1,0,18.431815961025716,1,1,clear,,0.1,10,8,green,20.0,18.431815961025716,20.91801092518361,-0.9180109251836086,324.6234166776246,162.3117083388123,-0.07337819576506542,4,,,,,1,
2026-08-21T16:35:09,WMB,1h,buy,2026-08-21T15:30,signal,1,70.79,USD,32.199528153746044,69.0,-0.025286057352733524,1,0,26.392532795156416,1,1,clear,,0.1,10,5,amber,13.69718620446326,8.69718620446326,16.41756840992238,-2.7203822054591207,55.88353115917152,27.94176557958576,-0.21057308717090673,1,,,,,1,
2026-08-21T16:35:09,MRK,1h,sell,2026-08-21T15:30,sell_strong,1,152.65,USD,67.8849053512345,111.0,-0.2728463806092368,1,1,-80.7110590339341,1,1,clear,,0.1,10,1,red,4.509120721459316,0.0,34.75482300054223,-30.245702279082916,4.334883372013073,2.1674416860065366,-0.9716024672648995,0,,,,,1,
2026-08-21T16:35:09,EXO,1h,sell,2026-08-21T16:34,sell,1,70.95,EUR,69.33095670135219,,,0,0,-118.09497173003416,1,1,clear,,0.1,10,,n/a,,,,,,,,,,,,,1,
2026-08-21T16:35:09,NVDA,1h,buy,2026-08-21T14:30,suspended,1,215.55,USD,34.75804628588128,280.0,0.2990025516121549,1,1,110.33338701884364,1,1,before,3,0.1,10,9,amber,20.0,20.0,18.241152526494247,1.758847473505753,249.84688844091338,124.92344422045669,0.15911337713251386,4,,,,,1,
2026-08-21T16:35:09,AVGO,4h,buy,2026-08-21T13:30,strong,1,367.79,USD,32.86832051120072,650.0,0.7673128687566273,1,1,125.81008946695735,1,1,clear,,0.2,5,7,amber,20.0,20.0,25.776083710161195,-5.7760837101611955,229.84322013914155,114.92161006957078,-0.3750694142332811,4,,,,,1,
2026-08-21T16:35:09,UNH,4h,buy,2026-08-21T13:30,signal,1,389.93,USD,36.156280170896636,475.0,0.21816736337291306,1,1,-32.64203819448956,1,0,clear,,0.2,5,1,red,0.0,0.0,15.03411941631484,-15.03411941631484,30.751754919209088,15.375877459604544,-0.9211351911388991,0,,,,,1,
2026-08-21T16:35:09,FLOW,4h,sell,2026-08-21T16:34,sell,1,28.24,EUR,69.57290623763097,29.79,0.05488668555240796,1,0,-28.783664931422187,1,1,clear,,0.2,5,5,amber,0.0,0.0,7.844887844901837,-7.844887844901837,6.766160778869763,3.3830803894348813,-0.7604050715697676,2,,,,,1,
2026-08-21T16:35:10,XOM,1d,sell,2026-08-21,sell,1,165.83,USD,69.89356212996859,156.0,-0.05927757341856125,1,0,10.170981370686484,1,0,clear,,0.3,2,7,amber,10.170981370686484,0.0,13.194044128690066,-3.023062758003583,102.93246248319694,51.46623124159847,-0.37928925717182094,3,,,,,1,
2026-08-21T17:29:54,TGT,1h,sell,2026-08-21T16:30,sell,1,163.22,USD,65.93678251113137,121.0,-0.2586692807254013,1,1,12.326307936211874,1,0,clear,,0.1,10,5,amber,1.9547519878833777,0.0,11.5180940582018,-9.563342070318424,23.124592371773645,11.562296185886822,-0.8583225562322409,3,,,,,1,
2026-08-21T17:29:54,EXO,1h,sell,2026-08-21T17:29,sell,1,70.95,EUR,69.33095670135219,,,0,0,-118.09497173003416,1,1,clear,,0.1,10,,n/a,,,,,,,,,,,,,1,
2026-08-21T17:29:54,CRM,1h,sell,2026-08-21T15:30,suspended,1,209.92,USD,69.08024851189346,280.0,0.3338414634146342,1,0,35.12270658345455,1,0,before,3,0.1,10,9,green,15.981835142908968,10.981835142908968,14.673714218432966,1.3081209244760021,235.13365049783008,117.56682524891504,0.12011075885018145,4,,,,,1,
2026-08-21T17:29:54,FLOW,4h,sell,2026-08-21T17:29,sell,1,28.24,EUR,69.57290623763097,29.79,0.05488668555240796,1,0,-28.783664931422187,1,1,clear,,0.2,5,5,amber,0.0,0.0,7.844887844901837,-7.844887844901837,6.766160778869763,3.3830803894348813,-0.7604050715697676,2,,,,,1,
2026-08-21T18:01:19,TXN,1h,buy,2026-08-21T17:30,strong,1,263.06,USD,32.050698656496465,325.0,0.23545959096784003,1,1,20.161231354197135,1,1,clear,,0.1,10,7,amber,16.659670164917543,4.830731923247182,20.53994131820526,-3.8802711532877154,189.64984877717833,94.82492438858917,-0.27906238585426013,4,,,,,1,
2026-08-21T18:01:19,INTC,1h,buy,2026-08-21T17:30,strong,1,90.495,USD,31.900197260946555,105.0,0.16028509862423332,1,1,55.48626858150668,1,1,clear,,0.1,10,,n/a,,,,,,,,,,,,,1,
2026-08-21T18:01:19,C,1h,buy,2026-08-21T17:30,signal,1,130.8,USD,30.985721522251453,129.0,-0.013761467889908343,1,0,36.96699982257968,1,1,clear,,0.1,10,7,amber,8.914180933427033,3.914180933427034,10.511783591380219,-1.5976026579531855,95.88953075414024,47.94476537707012,-0.266899611971405,2,,,,,1,
2026-08-21T18:01:19,JPM,1h,buy,2026-08-21T13:30,signal,1,351.155,USD,30.355998165735258,320.0,-0.08872150474861522,1,0,19.772185022704537,1,1,clear,,0.1,10,6,amber,8.204007259475325,1.3446263042520727,10.85636271700789,-2.6523554575325647,208.28967711764764,104.14483855882382,-0.40684405143697894,2,,,,,1,
2026-08-21T18:01:19,JPM,1h,buy,2026-08-21T17:30,signal,1,351.155,USD,30.355998165735258,320.0,-0.08872150474861522,1,0,19.772185022704537,1,1,clear,,0.1,10,6,amber,8.204007259475325,1.3446263042520727,10.85636271700789,-2.6523554575325647,208.28967711764764,104.14483855882382,-0.40684405143697894,2,,,,,1,
2026-08-21T18:01:19,KLAC,1h,buy,2026-08-21T17:30,signal,1,184.39,USD,32.414589324241774,175.0,-0.05092467053527842,1,0,20.65993354607363,1,1,clear,,0.1,10,6,amber,16.72104397048045,11.721043970480453,23.321328727045298,-6.600284756564847,106.37682977130308,53.18841488565154,-0.4230878584993596,3,,,,,1,
2026-08-21T18:01:19,BB,1h,buy,2026-08-21T18:00,signal,1,8.045,USD,30.37518183234461,5.2,-0.35363579863269107,1,0,,0,0,clear,,0.1,10,1,red,3.6504655882381214,3.6504655882381214,29.621592791738493,-25.971127203500373,0.2751788564509633,0.13758942822548165,-0.9657950458109431,1,,,,,1,
2026-08-21T18:01:19,EOG,1h,sell,2026-08-20T18:30,sell,0,152.135,USD,66.14672711298782,150.0,-0.014033588589082007,1,0,24.99538130937449,1,0,clear,,0.1,10,10,green,17.12869549960523,0.0,9.58506601396558,7.543629485639649,386.0676144265629,193.03380721328145,1.5376646690542144,4,,,,,1,
2026-08-21T18:01:19,EOG,1h,sell,2026-08-21T13:30,sell,1,152.135,USD,66.14672711298782,150.0,-0.014033588589082007,1,0,24.99538130937449,1,0,clear,,0.1,10,10,green,17.12869549960523,0.0,9.58506601396558,7.543629485639649,386.0676144265629,193.03380721328145,1.5376646690542144,4,,,,,1,
2026-08-21T18:01:19,EOG,1h,sell,2026-08-21T16:30,sell,1,152.135,USD,66.14672711298782,150.0,-0.014033588589082007,1,0,24.99538130937449,1,0,clear,,0.1,10,10,green,17.12869549960523,0.0,9.58506601396558,7.543629485639649,386.0676144265629,193.03380721328145,1.5376646690542144,4,,,,,1,
2026-08-21T18:01:19,EPAM,1h,sell,2026-08-21T17:30,sell,1,110.84,USD,69.6926669207367,136.0,0.2269938650306748,1,0,5.272989120360476,1,0,clear,,0.1,10,6,amber,5.272989120360476,0.0,10.84534465513801,-5.572355534777534,32.17399559752905,16.086997798764525,-0.709725770502264,3,,,,,1,
2026-08-21T18:01:19,EXO,1h,sell,2026-08-21T18:00,sell,1,70.95,EUR,69.33095670135219,,,0,0,-118.09497173003416,1,1,clear,,0.1,10,,n/a,,,,,,,,,,,,,1,
2026-08-21T18:01:19,ABT,1h,sell,2026-08-21T16:30,sell,1,115.97,USD,66.77903683918451,107.0,-0.07734758989393808,1,0,-61.310089540293134,1,1,clear,,0.1,10,1,red,0.0,0.0,19.753766484158973,-19.753766484158973,6.117920350398629,3.0589601751993145,-0.9472456639613811,1,,,,,1,
2026-08-21T18:01:20,FLOW,4h,sell,2026-08-21T18:00,sell,1,28.24,EUR,69.57290623763097,29.79,0.05488668555240796,1,0,-28.783664931422187,1,1,clear,,0.2,5,5,amber,0.0,0.0,7.844887844901837,-7.844887844901837,6.766160778869763,3.3830803894348813,-0.7604050715697676,2,,,,,1,
2026-08-21T18:01:20,DHR,4h,sell,2026-08-21T18:00,sell,1,218.51,USD,69.77839483581366,247.0,0.13038304883071716,1,0,19.62321056879488,1,0,clear,,0.2,5,2,red,4.555865572814725,0.0,20.166644843130676,-15.610779270315952,19.805092158084282,9.902546079042141,-0.9093629941051472,2,,,,,1,
2026-08-21T18:43:22,HWM,1h,buy,2026-08-21T18:42,signal,1,272.79,USD,30.122735247896273,,,0,0,35.486981677917065,1,1,clear,,0.1,10,7,amber,20.0,18.080559513016446,25.280298493688328,-5.280298493688328,177.40437658983353,88.70218829491677,-0.3498932642327957,4,,,,,1,
2026-08-21T18:43:22,DE,1h,sell,2026-08-21T18:30,sell,1,642.8125,USD,69.58959727978436,600.0,-0.06660184735051045,1,0,-14.629402971355596,1,1,clear,,0.1,10,1,red,0.0,0.0,19.176749276092437,-19.176749276092437,35.58925849189645,17.794629245948226,-0.9446350864491645,0,,,,,1,
2026-08-21T18:43:22,EXO,1h,sell,2026-08-21T18:42,sell,1,70.95,EUR,69.33095670135219,,,0,0,-118.09497173003416,1,1,clear,,0.1,10,,n/a,,,,,,,,,,,,,1,
2026-08-21T18:43:22,MELI,1h,sell,2026-08-21T17:30,sell,1,1934.5076,USD,64.60902052663482,2250.0,0.16308666866958813,1,0,-9.254677097532534,1,1,clear,,0.1,10,2,red,4.500427121413896,0.0,23.890527947834293,-19.390100826420397,126.97370122300191,63.486850611500955,-0.9343638137048406,3,,,,,1,
2026-08-21T18:43:22,EL,1h,sell,2026-08-21T18:42,sell,1,100.02,USD,69.8877247375202,120.0,0.19976004799040198,1,0,71.24638877424681,1,0,clear,,0.1,10,1,red,5.506962423903156,5.506962423903156,41.6525794635687,-36.145617039665545,2.315555924943357,1.1577779624716784,-0.9768490709363792,1,,,,,1,
2026-08-21T18:43:23,FLOW,4h,sell,2026-08-21T18:42,sell,1,28.24,EUR,69.57290623763097,29.79,0.05488668555240796,1,0,-28.783664931422187,1,1,clear,,0.2,5,5,amber,0.0,0.0,7.844887844901837,-7.844887844901837,6.766160778869763,3.3830803894348813,-0.7604050715697676,2,,,,,1,
2026-08-21T18:43:23,REGN,4h,sell,2026-08-21T17:30,sell,1,837.575,USD,69.80032874523347,730.0,-0.12843625943945322,1,0,1.954010824539639,1,0,clear,,0.2,5,5,amber,8.202237519269847,1.954010824539639,12.84967036980628,-4.647432850536433,360.9154739050421,180.45773695252106,-0.5690947390919714,1,,,,,1,
2026-08-21T18:43:23,TMO,4h,sell,2026-08-21T18:42,sell,1,623.89,USD,69.83726140529002,560.0,-0.10240587283014632,1,0,7.601479432074029,1,0,clear,,0.2,5,3,red,7.229473294455244,7.224086333544916,18.43668298100242,-11.207209686547177,133.5315959408934,66.7657979704467,-0.7859693280211361,1,,,,,1,
2026-08-21T18:43:23,DHR,4h,sell,2026-08-21T17:30,sell,1,217.86,USD,68.4769273455201,247.0,0.13375562287707696,1,0,19.62321056879488,1,0,clear,,0.2,5,2,red,4.555865572814725,0.0,20.13085102442657,-15.574985451611845,19.805092158084282,9.902546079042141,-0.9090925724865314,2,,,,,1,
2026-08-21T18:43:23,OGN,4h,sell,2026-08-21T17:30,sell,1,13.735,USD,69.96544255679768,12.73,-0.073170731707317,1,0,-71.00512591932248,1,1,clear,,0.2,5,2,red,0.0,0.0,11.73464544692192,-11.73464544692192,1.543619052789828,0.771809526394914,-0.8876141934626991,0,,,,,1,
2026-08-21T18:43:24,PYPL,1d,sell,2026-08-21,sell,1,61.665,USD,69.79877738462815,80.0,0.29733236033406313,1,0,13.295366960691968,1,0,clear,,0.3,2,8,green,11.31578947368421,6.315789473684211,9.506079171872653,1.809710301811558,86.478387019546,43.239193509773,0.40239012437437777,3,,,,,1,
2026-08-21T19:30:38,BAC,1h,buy,2026-08-21T17:30,signal,1,61.825,USD,30.969081885939445,66.0,0.06752931661949045,1,0,27.24983161039038,1,1,clear,,0.1,10,5,amber,3.2944557218340895,0.0,10.553267311078628,-7.258811589244538,11.882052594136365,5.941026297068182,-0.8078115229415873,2,,,,,1,
2026-08-21T19:30:38,PH,1h,buy,2026-08-20T14:30,signal,0,1001.14,USD,30.525751687039303,680.0,-0.32077431727830275,1,0,5.031555509680472,1,1,clear,,0.1,10,3,red,5.031555509680472,5.015523713301716,18.982060204758774,-13.950504695078301,115.78977161247082,57.89488580623541,-0.8843420784181325,2,,,,,1,
2026-08-21T19:30:38,PH,1h,buy,2026-08-21T18:30,signal,1,1001.14,USD,30.525751687039303,680.0,-0.32077431727830275,1,0,5.031555509680472,1,1,clear,,0.1,10,3,red,5.031555509680472,5.015523713301716,18.982060204758774,-13.950504695078301,115.78977161247082,57.89488580623541,-0.8843420784181325,2,,,,,1,
2026-08-21T19:30:38,EXO,1h,sell,2026-08-21T19:29,sell,1,70.95,EUR,69.33095670135219,,,0,0,-118.09497173003416,1,1,clear,,0.1,10,,n/a,,,,,,,,,,,,,1,
2026-08-21T19:30:38,KOS,4h,sell,2026-08-21T17:30,sell,1,2.955,USD,69.42195594818423,2.53,-0.14382402707275813,1,0,-253.5852424873549,1,1,clear,,0.2,5,,n/a,,,,,,,,,,,,,1,
2026-08-21T19:30:38,FLOW,4h,sell,2026-08-21T19:29,sell,1,28.24,EUR,69.57290623763097,29.79,0.05488668555240796,1,0,-28.783664931422187,1,1,clear,,0.2,5,5,amber,0.0,0.0,7.844887844901837,-7.844887844901837,6.766160778869763,3.3830803894348813,-0.7604050715697676,2,,,,,1,
2026-08-21T19:30:38,DHR,4h,sell,2026-08-21T19:29,sell,1,218.28,USD,69.31782306184134,247.0,0.13157412497709364,1,0,19.62321056879488,1,0,clear,,0.2,5,2,red,4.555865572814725,0.0,20.15399030636428,-15.598124733549554,19.805092158084282,9.902546079042141,-0.9092674905713566,2,,,,,1,
2026-08-21T19:50:25,INTC,1h,buy,2026-08-21T19:49,strong,1,90.125,USD,30.0771402716623,105.0,0.1650485436893204,1,1,55.48626858150668,1,1,clear,,0.1,10,,n/a,,,,,,,,,,,,,1,
2026-08-21T19:50:25,HWM,1h,buy,2026-08-21T19:49,signal,1,272.07,USD,30.37107097739522,,,0,0,35.486981677917065,1,1,clear,,0.1,10,7,amber,20.0,18.080559513016446,25.23914866944542,-5.23914866944542,177.40437658983353,88.70218829491677,-0.3477540476126566,4,,,,,1,
2026-08-21T19:50:25,BAC,1h,buy,2026-08-21T19:49,signal,1,61.765,USD,30.2308247813219,66.0,0.06856634016028494,1,0,27.24983161039038,1,1,clear,,0.1,10,5,amber,3.2944557218340895,0.0,10.548025640349252,-7.253569918515162,11.882052594136365,5.941026297068182,-0.8076248264529042,2,,,,,1,
2026-08-21T19:50:25,BB,1h,buy,2026-08-21T18:30,signal,1,8.075,USD,34.207466151803715,5.2,-0.3560371517027863,1,0,,0,0,clear,,0.1,10,1,red,3.6504655882381214,3.6504655882381214,29.669848077822863,-26.019382489584743,0.2751788564509633,0.13758942822548165,-0.9659221230401285,1,,,,,1,
2026-08-21T19:50:25,HCA,1h,sell,2026-08-21T18:30,sell,1,428.785,USD,67.87742064503394,413.0,-0.036813321361521566,1,0,25.46742221531456,1,0,clear,,0.1,10,8,green,12.311067704751162,7.311067704751162,10.60139125993408,1.7096764448170827,580.486468250495,290.2432341252475,0.35379378534812317,2,,,,,1,
2026-08-21T19:50:25,TGT,1h,sell,2026-08-21T19:49,sell,1,164.135,USD,67.90325922713745,121.0,-0.26280196179973797,1,1,12.326307936211874,1,0,clear,,0.1,10,5,amber,1.9547519878833777,0.0,11.5497922462921,-9.595040258408723,23.124592371773645,11.562296185886822,-0.8591123625565927,3,,,,,1,
2026-08-21T19:50:25,EXO,1h,sell,2026-08-21T19:49,sell,1,70.95,EUR,69.33095670135219,,,0,0,-118.09497173003416,1,1,clear,,0.1,10,,n/a,,,,,,,,,,,,,1,
2026-08-21T19:50:25,ABT,1h,sell,2026-08-21T18:30,sell,1,116.148,USD,67.48135085118795,107.0,-0.07876158005303575,1,0,-61.310089540293134,1,1,clear,,0.1,10,1,red,0.0,0.0,19.772134563610095,-19.772134563610095,6.117920350398629,3.0589601751993145,-0.9473265114302559,1,,,,,1,
2026-08-21T19:50:25,CRWD,1h,buy,2026-08-21T18:30,suspended,1,192.41,USD,36.27169952899928,133.0,-0.30876773556467957,1,0,73.039496279336,1,1,before,3,0.1,10,,n/a,,,,,,,,,,,,,1,
2026-08-21T19:50:25,KOS,4h,sell,2026-08-21T19:49,sell,1,2.94,USD,68.07347621359509,2.53,-0.1394557823129252,1,0,-253.5852424873549,1,1,clear,,0.2,5,,n/a,,,,,,,,,,,,,1,
2026-08-21T19:50:25,FLOW,4h,sell,2026-08-21T19:49,sell,1,28.24,EUR,69.57290623763097,29.79,0.05488668555240796,1,0,-28.783664931422187,1,1,clear,,0.2,5,5,amber,0.0,0.0,7.844887844901837,-7.844887844901837,6.766160778869763,3.3830803894348813,-0.7604050715697676,2,,,,,1,
2026-08-21T19:50:25,DHR,4h,sell,2026-08-21T19:49,sell,1,218.425,USD,69.62777073254848,247.0,0.13082293693487462,1,0,19.62321056879488,1,0,clear,,0.2,5,2,red,4.555865572814725,0.0,20.16196956363151,-15.606103990816784,19.805092158084282,9.902546079042141,-0.9093277227511307,2,,,,,1,
2026-08-21T19:50:25,OGN,4h,sell,2026-08-21T19:48,sell,1,13.735,USD,69.96544255679768,12.73,-0.073170731707317,1,0,-71.00512591932248,1,1,clear,,0.2,5,2,red,0.0,0.0,11.73464544692192,-11.73464544692192,1.543619052789828,0.771809526394914,-0.8876141934626991,0,,,,,1,
2026-08-21T19:50:25,PFE,4h,sell,2026-08-21T19:49,sell,1,27.9427,USD,69.69833436756186,32.0,0.14520071431894563,1,0,-59.82765040693653,1,1,clear,,0.2,5,1,red,0.0,0.0,19.598154497226957,-19.598154497226957,1.4933911205058648,0.7466955602529324,-0.9465552319387223,0,,,,,1,
2026-08-21T20:26:16,DE,1h,sell,2026-08-21T19:30,sell,1,647.47,USD,68.13008710698847,600.0,-0.07331613819945329,1,0,-14.629402971355596,1,1,clear,,0.1,10,1,red,0.0,0.0,19.262818571954078,-19.262818571954078,35.58925849189645,17.794629245948226,-0.9450333475035192,0,,,,,1,
2026-08-21T20:26:16,EXO,1h,sell,2026-08-21T20:25,sell,1,70.95,EUR,69.33095670135219,,,0,0,-118.09497173003416,1,1,clear,,0.1,10,,n/a,,,,,,,,,,,,,1,
2026-08-21T20:26:16,FLOW,4h,sell,2026-08-21T20:25,sell,1,28.24,EUR,69.57290623763097,29.79,0.05488668555240796,1,0,-28.783664931422187,1,1,clear,,0.2,5,5,amber,0.0,0.0,7.844887844901837,-7.844887844901837,6.766160778869763,3.3830803894348813,-0.7604050715697676,2,,,,,1,
2026-08-21T20:53:10,EXO,1h,sell,2026-08-21T20:52,sell,1,70.95,EUR,69.33095670135219,,,0,0,-118.09497173003416,1,1,clear,,0.1,10,,n/a,,,,,,,,,,,,,1,
2026-08-21T20:53:10,FLOW,4h,sell,2026-08-21T20:52,sell,1,28.24,EUR,69.57290623763097,29.79,0.05488668555240796,1,0,-28.783664931422187,1,1,clear,,0.2,5,5,amber,0.0,0.0,7.844887844901837,-7.844887844901837,6.766160778869763,3.3830803894348813,-0.7604050715697676,2,,,,,1,
2026-08-21T21:33:06,EXO,1h,sell,2026-08-21T21:32,sell,1,70.95,EUR,69.33095670135219,,,0,0,-118.09497173003416,1,1,clear,,0.1,10,,n/a,,,,,,,,,,,,,1,
2026-08-21T21:33:06,FLOW,4h,sell,2026-08-21T21:32,sell,1,28.24,EUR,69.57290623763097,29.79,0.05488668555240796,1,0,-28.783664931422187,1,1,clear,,0.2,5,5,amber,0.0,0.0,7.844887844901837,-7.844887844901837,6.766160778869763,3.3830803894348813,-0.7604050715697676,2,,,,,1,
2026-08-24T09:48:16,AD,4h,buy,2026-08-24T09:47,strong,1,31.195,EUR,32.551424837026445,39.0,0.25020035262061224,1,1,24.307479224376735,1,1,clear,,0.2,5,5,amber,4.756675068469235,0.0,9.155656935626912,-4.398981867157676,10.741218313382221,5.370609156691111,-0.6556750019752454,1,7,green,1.0,"{""earnings"":1.0,""growth"":1.5,""pattern"":1.0,""ruleone"":2.0,""valuation"":3.0}",2,
2026-08-24T09:48:16,AD,1d,buy,2026-08-24,signal,1,31.195,EUR,30.17676269779905,39.0,0.25020035262061224,1,0,24.307479224376735,1,1,clear,,0.3,2,5,amber,4.756675068469235,0.0,9.155656935626912,-4.398981867157676,10.741218313382221,5.370609156691111,-0.6556750019752454,1,6,amber,1.0,"{""earnings"":1.0,""growth"":1.5,""pattern"":1.0,""ruleone"":2.0,""valuation"":3.0}",2,
2026-08-24T10:36:58,AD,4h,buy,2026-08-24T10:36,strong,1,31.21,EUR,32.89234750639541,39.0,0.24959948734380002,1,1,24.307479224376735,1,1,clear,,0.2,5,5,amber,4.756675068469235,0.0,9.158050785172879,-4.401375716703644,10.741218313382221,5.370609156691111,-0.6558404897987113,1,7,green,1.0,"{""earnings"":1.0,""growth"":1.5,""pattern"":1.0,""ruleone"":2.0,""valuation"":3.0}",2,
2026-08-24T11:28:55,NN,4h,buy,2026-08-24T11:28,signal,1,76.24,EUR,31.761377746448716,80.0,0.04931794333683113,1,0,44.62834595286338,1,1,clear,,0.2,5,10,green,20.0,0.0,8.670436032023744,11.329563967976256,296.3127412451616,148.1563706225808,2.8865784528483944,2,7,green,1.0,"{""earnings"":1.0,""growth"":1.5,""pattern"":1.0,""ruleone"":2.0,""valuation"":3.0}",2,
2026-08-24T11:59:37,NN,4h,buy,2026-08-24T11:59,signal,1,76.16,EUR,31.051261051238967,80.0,0.05042016806722694,1,0,44.62834595286338,1,1,clear,,0.2,5,10,green,20.0,0.0,8.665373779132558,11.334626220867442,296.3127412451616,148.1563706225808,2.890660993240042,2,7,green,1.0,"{""earnings"":1.0,""growth"":1.5,""pattern"":1.0,""ruleone"":2.0,""valuation"":3.0}",2,
2026-08-24T13:47:56,AD,4h,buy,2026-08-24T13:47,strong,1,31.2,EUR,32.78781587026879,39.0,0.25000000000000006,1,1,24.307479224376735,1,1,clear,,0.2,5,5,amber,4.756675068469235,0.0,9.156454972870328,-4.399779904401093,10.741218313382221,5.370609156691111,-0.6557301822633903,1,7,green,1.0,"{""earnings"":1.0,""growth"":1.5,""pattern"":1.0,""ruleone"":2.0,""valuation"":3.0}",2,
2026-08-24T13:47:56,AMGN,4h,sell,2026-08-24T13:47,sell,1,437.59,USD,69.9734832873875,342.0,-0.2184464910075641,1,1,31.702528020944104,1,0,clear,,0.2,5,7,amber,14.892702010758565,9.892702010758565,15.966723283021857,-1.0740212722632911,398.71076337932703,199.35538168966352,-0.0888485491457139,2,5,amber,1.0,"{""earnings"":1.0,""growth"":1.5,""pattern"":1.0,""ruleone"":2.0,""valuation"":3.0}",2,
2026-08-24T13:47:56,TMO,4h,sell,2026-08-24T13:30,sell,1,620.59,USD,64.96603015218992,560.0,-0.09763289772635722,1,0,7.601479432074029,1,0,clear,,0.2,5,3,red,7.229473294455244,7.224086333544916,18.373887540651715,-11.144414246196472,133.5315959408934,66.7657979704467,-0.7848312155515019,1,3,red,1.0,"{""earnings"":1.0,""growth"":1.5,""pattern"":1.0,""ruleone"":2.0,""valuation"":3.0}",2,
2026-08-24T13:47:56,DHR,4h,sell,2026-08-24T13:30,sell,1,214.62,USD,65.74980197720987,247.0,0.1508713074270804,1,0,19.62321056879488,1,0,clear,,0.2,5,2,red,4.555865572814725,0.0,19.950986161299454,-15.39512058848473,19.805092158084282,9.902546079042141,-0.9077201930943795,2,5,amber,1.0,"{""earnings"":1.0,""growth"":1.5,""pattern"":1.0,""ruleone"":2.0,""valuation"":3.0}",2,
2026-08-24T13:47:56,PFE,4h,sell,2026-08-24T13:47,sell,1,27.98,USD,69.82882242189577,32.0,0.14367405289492494,1,0,-59.82765040693653,1,1,clear,,0.2,5,1,red,0.0,0.0,19.614109768998638,-19.614109768998638,1.4933911205058648,0.7466955602529324,-0.9466264788954301,0,3,red,1.0,"{""earnings"":1.0,""growth"":1.5,""pattern"":1.0,""ruleone"":2.0,""valuation"":3.0}",2,
2026-08-24T13:47:56,VLO,1d,sell,2026-08-24,sell,1,347.225,USD,68.96800970422572,190.0,-0.45280437756497954,1,1,899.6350970310168,1,0,clear,,0.3,2,9,amber,12.921579878930906,0.0,10.619395741331157,2.302184137599749,502.2013005983854,251.1006502991927,0.44632817509794903,4,6,amber,1.0,"{""earnings"":1.0,""growth"":1.5,""pattern"":1.0,""ruleone"":2.0,""valuation"":3.0}",2,
2026-08-24T13:47:56,TMO,1d,sell,2026-08-24,sell,1,620.59,USD,68.79974133614635,560.0,-0.09763289772635722,1,0,7.601479432074029,1,0,clear,,0.3,2,3,red,7.229473294455244,7.224086333544916,18.373887540651715,-11.144414246196472,133.5315959408934,66.7657979704467,-0.7848312155515019,1,3,red,1.0,"{""earnings"":1.0,""growth"":1.5,""pattern"":1.0,""ruleone"":2.0,""valuation"":3.0}",2,
2026-08-24T13:47:56,PFE,1d,sell,2026-08-24,sell,1,27.98,USD,68.80990966809446,32.0,0.14367405289492494,1,0,-59.82765040693653,1,1,clear,,0.3,2,1,red,0.0,0.0,19.614109768998638,-19.614109768998638,1.4933911205058648,0.7466955602529324,-0.9466264788954301,0,3,red,1.0,"{""earnings"":1.0,""growth"":1.5,""pattern"":1.0,""ruleone"":2.0,""valuation"":3.0}",2,
2026-08-24T13:50:59,DXCM,4h,sell,2026-08-24T13:50,sell,1,91.96,USD,68.14787068878293,79.0,-0.14093083949543272,1,0,77.35928311397369,1,0,clear,,0.2,5,9,green,20.0,15.541294642857142,19.369495704862295,0.6305042951377047,96.93437887472969,48.467189437364844,0.05409285422716067,4,6,amber,1.0,"{""earnings"":1.0,""growth"":1.5,""pattern"":1.0,""ruleone"":2.0,""valuation"":3.0}",2,
2026-08-24T13:50:59,SCHW,4h,sell,2026-08-24T13:50,sell,1,112.725,USD,68.75629506844012,124.0,0.1000221778664893,1,0,48.05481517378779,1,0,clear,,0.2,5,8,green,15.131993400329984,10.131993400329984,12.739450161863871,2.3925432384661125,139.06612746163447,69.53306373081723,0.2336760032081124,3,6,amber,1.0,"{""earnings"":1.0,""growth"":1.5,""pattern"":1.0,""ruleone"":2.0,""valuation"":3.0}",2,
2026-08-24T13:50:59,DXCM,1d,sell,2026-08-24,sell,1,91.96,USD,68.79801198963021,79.0,-0.14093083949543272,1,0,77.35928311397369,1,0,clear,,0.3,2,9,green,20.0,15.541294642857142,19.369495704862295,0.6305042951377047,96.93437887472969,48.467189437364844,0.05409285422716067,4,6,amber,1.0,"{""earnings"":1.0,""growth"":1.5,""pattern"":1.0,""ruleone"":2.0,""valuation"":3.0}",2,
2026-08-24T14:40:40,ADM,1h,buy,2026-08-24T14:40,signal,1,78.595,USD,30.342562214211156,65.0,-0.17297538011323874,1,0,60.792253521126774,1,1,clear,,0.1,10,2,red,0.0,0.0,13.285933168808825,-13.285933168808825,7.224121347235203,3.6120606736176013,-0.9080842121351842,1,4,red,1.0,"{""earnings"":1.0,""growth"":1.5,""pattern"":1.0,""ruleone"":2.0,""valuation"":3.0}",2,
2026-08-24T15:38:03,ADM,1h,buy,2026-08-24T15:37,signal,1,78.52,USD,30.398350671034734,65.0,-0.17218543046357612,1,0,60.792253521126774,1,1,clear,,0.1,10,2,red,0.0,0.0,13.275118109696958,-13.275118109696958,7.224121347235203,3.6120606736176013,-0.9079964168716862,1,4,red,1.0,"{""earnings"":1.0,""growth"":1.5,""pattern"":1.0,""ruleone"":2.0,""valuation"":3.0}",2,
2026-08-24T15:38:03,ALB,1h,sell,2026-08-24T15:37,sell,1,141.86,USD,65.12131420269073,200.0,0.4098406880022556,1,0,99.60973099314884,1,0,clear,,0.1,10,,n/a,,,,,,,,,9,green,0.7647,"{""earnings"":1.0,""growth"":1.5,""pattern"":1.0,""ruleone"":2.0,""valuation"":3.0}",2,
2026-08-24T15:38:03,ALB,4h,sell,2026-08-24T15:37,sell,1,141.86,USD,69.91204551199266,200.0,0.4098406880022556,1,0,99.60973099314884,1,0,clear,,0.2,5,,n/a,,,,,,,,,9,green,0.7647,"{""earnings"":1.0,""growth"":1.5,""pattern"":1.0,""ruleone"":2.0,""valuation"":3.0}",2,
2026-08-24T15:38:04,OGN,1d,sell,2026-08-24,sell,1,13.73,USD,69.37509179507194,12.73,-0.07283321194464676,1,0,-71.00512591932248,1,1,clear,,0.3,2,2,red,0.0,0.0,11.732561589099127,-11.732561589099127,1.543619052789828,0.771809526394914,-0.8875732663663637,0,2,red,1.0,"{""earnings"":1.0,""growth"":1.5,""pattern"":1.0,""ruleone"":2.0,""valuation"":3.0}",2,
2026-08-24T16:35:55,ALB,1h,sell,2026-08-24T16:35,sell,1,141.94,USD,65.4916488222946,200.0,0.4090460758066789,1,0,99.60973099314884,1,0,clear,,0.1,10,,n/a,,,,,,,,,9,green,0.7647,"{""earnings"":1.0,""growth"":1.5,""pattern"":1.0,""ruleone"":2.0,""valuation"":3.0}",2,
2026-08-24T16:35:56,SO,4h,buy,2026-08-24T16:35,signal,1,89.88,USD,33.53772673638517,,,0,0,7.0047248973690355,1,1,clear,,0.2,5,3,red,6.399182032930225,0.0,13.37674367933349,-6.977561646403265,24.37926532679919,12.189632663399594,-0.7287576176368582,0,4,red,0.6471,"{""earnings"":1.0,""growth"":1.5,""pattern"":1.0,""ruleone"":2.0,""valuation"":3.0}",2,
2026-08-24T16:35:56,DXCM,4h,sell,2026-08-24T16:35,sell,1,92.04,USD,68.35804458653543,79.0,-0.14167753150804005,1,0,77.35928311397369,1,0,clear,,0.2,5,9,green,20.0,15.541294642857142,19.379876112980185,0.6201238870198154,96.93437887472969,48.467189437364844,0.05317665009484661,4,6,amber,1.0,"{""earnings"":1.0,""growth"":1.5,""pattern"":1.0,""ruleone"":2.0,""valuation"":3.0}",2,
2026-08-24T17:29:49,ALB,1h,sell,2026-08-24T17:29,sell,1,141.24,USD,61.68903609160903,200.0,0.41602945341263087,1,0,99.60973099314884,1,0,clear,,0.1,10,,n/a,,,,,,,,,9,green,0.7647,"{""earnings"":1.0,""growth"":1.5,""pattern"":1.0,""ruleone"":2.0,""valuation"":3.0}",2,
2026-08-24T17:29:49,SO,4h,buy,2026-08-24T17:29,signal,1,90.34,USD,37.51949226222793,,,0,0,7.0047248973690355,1,1,clear,,0.2,5,3,red,6.399182032930225,0.0,13.432752352145108,-7.033570319214883,24.37926532679919,12.189632663399594,-0.7300939349371803,0,4,red,0.6471,"{""earnings"":1.0,""growth"":1.5,""pattern"":1.0,""ruleone"":2.0,""valuation"":3.0}",2,
2026-08-24T17:29:49,DXCM,4h,sell,2026-08-24T17:29,sell,1,91.6483,USD,66.16189460131774,79.0,-0.13800910655189463,1,0,77.35928311397369,1,0,clear,,0.2,5,9,green,20.0,15.541294642857142,19.32897336269764,0.6710266373023615,96.93437887472969,48.467189437364844,0.05767787154513157,4,6,amber,1.0,"{""earnings"":1.0,""growth"":1.5,""pattern"":1.0,""ruleone"":2.0,""valuation"":3.0}",2,
2026-08-24T17:29:49,SCHW,4h,sell,2026-08-24T17:29,sell,1,113.08,USD,69.9109245429871,124.0,0.09656880084895651,1,0,48.05481517378779,1,0,clear,,0.2,5,8,green,15.131993400329984,10.131993400329984,12.774904496888727,2.357088903441257,139.06612746163447,69.53306373081723,0.2298030373331665,3,6,amber,1.0,"{""earnings"":1.0,""growth"":1.5,""pattern"":1.0,""ruleone"":2.0,""valuation"":3.0}",2,
2026-08-24T17:29:49,ALB,4h,sell,2026-08-24T17:29,sell,1,141.24,USD,68.28030677789965,200.0,0.41602945341263087,1,0,99.60973099314884,1,0,clear,,0.2,5,,n/a,,,,,,,,,9,green,0.7647,"{""earnings"":1.0,""growth"":1.5,""pattern"":1.0,""ruleone"":2.0,""valuation"":3.0}",2,
2026-08-24T18:01:23,ALB,1h,sell,2026-08-24T18:00,sell,1,140.74,USD,58.968221732250285,200.0,0.4210601108426886,1,0,99.60973099314884,1,0,clear,,0.1,10,,n/a,,,,,,,,,9,green,0.7647,"{""earnings"":1.0,""growth"":1.5,""pattern"":1.0,""ruleone"":2.0,""valuation"":3.0}",2,
2026-08-24T18:01:23,SO,4h,buy,2026-08-24T18:00,signal,1,90.25,USD,36.77843734332281,,,0,0,7.0047248973690355,1,1,clear,,0.2,5,3,red,6.399182032930225,0.0,13.422073282785544,-7.022891249855318,24.37926532679919,12.189632663399594,-0.7298397016090515,0,4,red,0.6471,"{""earnings"":1.0,""growth"":1.5,""pattern"":1.0,""ruleone"":2.0,""valuation"":3.0}",2,
2026-08-24T18:01:23,DXCM,4h,sell,2026-08-24T18:00,sell,1,91.735,USD,66.34934282989315,79.0,-0.1388237859050526,1,0,77.35928311397369,1,0,clear,,0.2,5,9,green,20.0,15.541294642857142,19.34025717306301,0.6597428269369914,96.93437887472969,48.467189437364844,0.05667824575930331,4,6,amber,1.0,"{""earnings"":1.0,""growth"":1.5,""pattern"":1.0,""ruleone"":2.0,""valuation"":3.0}",2,
2026-08-24T18:01:23,ALB,4h,sell,2026-08-24T18:00,sell,1,140.74,USD,66.85397430069037,200.0,0.4210601108426886,1,0,99.60973099314884,1,0,clear,,0.2,5,,n/a,,,,,,,,,9,green,0.7647,"{""earnings"":1.0,""growth"":1.5,""pattern"":1.0,""ruleone"":2.0,""valuation"":3.0}",2,
2026-08-24T19:10:41,ALB,1h,sell,2026-08-24T19:10,sell,1,141.52,USD,62.09182212957737,200.0,0.41322781232334643,1,0,99.60973099314884,1,0,clear,,0.1,10,,n/a,,,,,,,,,9,green,0.7647,"{""earnings"":1.0,""growth"":1.5,""pattern"":1.0,""ruleone"":2.0,""valuation"":3.0}",2,
2026-08-24T19:10:41,SO,4h,buy,2026-08-24T19:10,signal,1,90.455,USD,38.565797626345315,,,0,0,7.0047248973690355,1,1,clear,,0.2,5,3,red,6.399182032930225,0.0,13.449067564902265,-7.0498855319720395,24.37926532679919,12.189632663399594,-0.7304818381869528,0,4,red,0.6471,"{""earnings"":1.0,""growth"":1.5,""pattern"":1.0,""ruleone"":2.0,""valuation"":3.0}",2,
2026-08-24T19:10:41,DXCM,4h,sell,2026-08-24T19:10,sell,1,91.55,USD,65.57556820411858,79.0,-0.13708356089568538,1,0,77.35928311397369,1,0,clear,,0.2,5,9,green,20.0,15.541294642857142,19.31616821131491,0.6838317886850902,96.93437887472969,48.467189437364844,0.05881353221987647,4,6,amber,1.0,"{""earnings"":1.0,""growth"":1.5,""pattern"":1.0,""ruleone"":2.0,""valuation"":3.0}",2,
2026-08-24T19:10:41,ALB,4h,sell,2026-08-24T19:10,sell,1,141.52,USD,68.60868110221283,200.0,0.41322781232334643,1,0,99.60973099314884,1,0,clear,,0.2,5,,n/a,,,,,,,,,9,green,0.7647,"{""earnings"":1.0,""growth"":1.5,""pattern"":1.0,""ruleone"":2.0,""valuation"":3.0}",2,
2026-08-24T19:55:35,ALB,1h,sell,2026-08-24T19:55,sell,1,142.1,USD,64.1717851349618,200.0,0.40745953553835335,1,0,99.60973099314884,1,0,clear,,0.1,10,,n/a,,,,,,,,,9,green,0.7647,"{""earnings"":1.0,""growth"":1.5,""pattern"":1.0,""ruleone"":2.0,""valuation"":3.0}",2,
2026-08-24T19:55:36,SO,4h,buy,2026-08-24T19:55,signal,1,90.17,USD,36.36555320053831,,,0,0,7.0047248973690355,1,1,clear,,0.2,5,3,red,6.399182032930225,0.0,13.413271955278475,-7.01408992234825,24.37926532679919,12.189632663399594,-0.7296299730864014,0,4,red,0.6471,"{""earnings"":1.0,""growth"":1.5,""pattern"":1.0,""ruleone"":2.0,""valuation"":3.0}",2,
2026-08-24T19:55:36,DXCM,4h,sell,2026-08-24T19:55,sell,1,91.45,USD,65.07205713751898,79.0,-0.13613996719518864,1,0,77.35928311397369,1,0,clear,,0.2,5,9,green,20.0,15.541294642857142,19.303128904176702,0.6968710958232975,96.93437887472969,48.467189437364844,0.05997133815997469,4,6,amber,1.0,"{""earnings"":1.0,""growth"":1.5,""pattern"":1.0,""ruleone"":2.0,""valuation"":3.0}",2,
2026-08-24T19:55:36,KO,4h,sell,2026-08-24T19:55,sell,1,91.59,USD,69.82123468290249,75.0,-0.18113331149688833,1,1,17.602664493498224,1,0,clear,,0.2,5,6,amber,12.415353243553252,7.415353243553252,16.14128094879422,-3.7259277052409665,65.65794792489429,32.828973962447144,-0.2831319147844275,2,4,red,1.0,"{""earnings"":1.0,""growth"":1.5,""pattern"":1.0,""ruleone"":2.0,""valuation"":3.0}",2,
2026-08-24T19:55:36,ALB,4h,sell,2026-08-24T19:55,sell,1,142.1,USD,69.35729766227811,200.0,0.40745953553835335,1,0,99.60973099314884,1,0,clear,,0.2,5,,n/a,,,,,,,,,9,green,0.7647,"{""earnings"":1.0,""growth"":1.5,""pattern"":1.0,""ruleone"":2.0,""valuation"":3.0}",2,
2026-08-24T19:55:37,DXCM,1w,sell,2026-08-24,sell,1,91.45,USD,69.893688237238,79.0,-0.13613996719518864,1,0,77.35928311397369,1,0,clear,,0.5,1,9,green,20.0,15.541294642857142,19.303128904176702,0.6968710958232975,96.93437887472969,48.467189437364844,0.05997133815997469,4,6,amber,1.0,"{""earnings"":1.0,""growth"":1.5,""pattern"":1.0,""ruleone"":2.0,""valuation"":3.0}",2,
2026-08-24T20:28:41,ADM,1h,buy,2026-08-24T20:28,signal,1,78.16,USD,31.049586524245555,65.0,-0.16837256908904807,1,0,60.792253521126774,1,1,clear,,0.1,10,2,red,0.0,0.0,13.223076054581163,-13.223076054581163,7.224121347235203,3.6120606736176013,-0.9075726542063051,1,4,red,1.0,"{""earnings"":1.0,""growth"":1.5,""pattern"":1.0,""ruleone"":2.0,""valuation"":3.0}",2,
2026-08-24T20:28:41,ALB,1h,sell,2026-08-24T20:28,sell,1,141.51,USD,60.924377430530434,200.0,0.41332768002261333,1,0,99.60973099314884,1,0,clear,,0.1,10,,n/a,,,,,,,,,9,green,0.7647,"{""earnings"":1.0,""growth"":1.5,""pattern"":1.0,""ruleone"":2.0,""valuation"":3.0}",2,
2026-08-24T20:28:41,SO,4h,buy,2026-08-24T20:28,signal,1,90.1,USD,36.0118101345568,,,0,0,7.0047248973690355,1,1,clear,,0.2,5,3,red,6.399182032930225,0.0,13.404464476307908,-7.005282443377682,24.37926532679919,12.189632663399594,-0.729419918681474,0,4,red,0.6471,"{""earnings"":1.0,""growth"":1.5,""pattern"":1.0,""ruleone"":2.0,""valuation"":3.0}",2,
2026-08-24T20:28:41,DXCM,4h,sell,2026-08-24T20:28,sell,1,91.06,USD,62.775418473617506,79.0,-0.13244014935207557,1,0,77.35928311397369,1,0,clear,,0.2,5,9,green,20.0,15.541294642857142,19.252152683689218,0.7478473163107822,96.93437887472969,48.467189437364844,0.0645110792305039,4,6,amber,1.0,"{""earnings"":1.0,""growth"":1.5,""pattern"":1.0,""ruleone"":2.0,""valuation"":3.0}",2,
2026-08-24T20:28:41,ALB,4h,sell,2026-08-24T20:28,sell,1,141.51,USD,68.6476279232519,200.0,0.41332768002261333,1,0,99.60973099314884,1,0,clear,,0.2,5,,n/a,,,,,,,,,9,green,0.7647,"{""earnings"":1.0,""growth"":1.5,""pattern"":1.0,""ruleone"":2.0,""valuation"":3.0}",2,
2026-08-24T21:01:04,ADM,1h,buy,2026-08-24T21:00,signal,1,78.16,USD,31.049586524245555,65.0,-0.16837256908904807,1,0,60.792253521126774,1,1,clear,,0.1,10,2,red,0.0,0.0,13.223076054581163,-13.223076054581163,7.224121347235203,3.6120606736176013,-0.9075726542063051,1,4,red,1.0,"{""earnings"":1.0,""growth"":1.5,""pattern"":1.0,""ruleone"":2.0,""valuation"":3.0}",2,
2026-08-24T21:01:04,ALB,1h,sell,2026-08-24T21:00,sell,1,141.51,USD,60.924377430530434,200.0,0.41332768002261333,1,0,99.60973099314884,1,0,clear,,0.1,10,,n/a,,,,,,,,,9,green,0.7647,"{""earnings"":1.0,""growth"":1.5,""pattern"":1.0,""ruleone"":2.0,""valuation"":3.0}",2,
2026-08-24T21:01:04,SO,4h,buy,2026-08-24T21:00,signal,1,90.1,USD,36.0118101345568,,,0,0,7.0047248973690355,1,1,clear,,0.2,5,3,red,6.399182032930225,0.0,13.404464476307908,-7.005282443377682,24.37926532679919,12.189632663399594,-0.729419918681474,0,4,red,0.6471,"{""earnings"":1.0,""growth"":1.5,""pattern"":1.0,""ruleone"":2.0,""valuation"":3.0}",2,
2026-08-24T21:01:04,DXCM,4h,sell,2026-08-24T21:00,sell,1,91.06,USD,62.775418473617506,79.0,-0.13244014935207557,1,0,77.35928311397369,1,0,clear,,0.2,5,9,green,20.0,15.541294642857142,19.252152683689218,0.7478473163107822,96.93437887472969,48.467189437364844,0.0645110792305039,4,6,amber,1.0,"{""earnings"":1.0,""growth"":1.5,""pattern"":1.0,""ruleone"":2.0,""valuation"":3.0}",2,
2026-08-24T21:01:04,ALB,4h,sell,2026-08-24T21:00,sell,1,141.51,USD,68.6476279232519,200.0,0.41332768002261333,1,0,99.60973099314884,1,0,clear,,0.2,5,,n/a,,,,,,,,,9,green,0.7647,"{""earnings"":1.0,""growth"":1.5,""pattern"":1.0,""ruleone"":2.0,""valuation"":3.0}",2,
2026-08-25T06:58:32,EXO,1h,sell,2026-08-24T15:00,sell,0,71.35,EUR,65.54187514856379,81.95,0.14856341976173804,1,0,-118.09497173003416,1,1,clear,,0.1,10,,n/a,,,,,,,,,5,amber,0.7647,"{""earnings"":1.0,""growth"":1.5,""pattern"":1.0,""ruleone"":2.0,""valuation"":3.0}",2,
2026-08-25T06:58:33,AD,4h,buy,2026-08-24T11:00,strong,0,31.38,EUR,37.350315762325614,39.0,0.24282982791587002,1,1,24.307479224376735,1,1,clear,,0.2,5,5,amber,4.756675068469235,0.0,9.185126267101161,-4.428451198631926,10.741218313382221,5.370609156691111,-0.6577049613326251,1,7,green,1.0,"{""earnings"":1.0,""growth"":1.5,""pattern"":1.0,""ruleone"":2.0,""valuation"":3.0}",2,
2026-08-25T06:58:33,NN,4h,buy,2026-08-24T07:00,signal,0,76.76,EUR,39.74023376147066,80.0,0.042209484106305296,1,0,44.62834595286338,1,1,clear,,0.2,5,10,green,20.0,0.0,8.703254081740983,11.296745918259017,296.3127412451616,148.1563706225808,2.8602493648405627,2,7,amber,1.0,"{""earnings"":1.0,""growth"":1.5,""pattern"":1.0,""ruleone"":2.0,""valuation"":3.0}",2,
2026-08-25T06:58:33,NN,4h,buy,2026-08-24T11:00,signal,0,76.76,EUR,39.74023376147066,80.0,0.042209484106305296,1,0,44.62834595286338,1,1,clear,,0.2,5,10,green,20.0,0.0,8.703254081740983,11.296745918259017,296.3127412451616,148.1563706225808,2.8602493648405627,2,7,amber,1.0,"{""earnings"":1.0,""growth"":1.5,""pattern"":1.0,""ruleone"":2.0,""valuation"":3.0}",2,
2026-08-25T07:43:11,HEIA,1h,sell,2026-08-25T07:00,sell,1,73.18,EUR,61.09425770685084,86.0,0.17518447663295972,1,0,26.557224717360995,1,0,clear,,0.1,10,5,amber,5.812283648078966,0.8122836480789662,11.085948836483361,-5.273665188404395,23.590433484866807,11.795216742433404,-0.6776382415295599,2,7,green,1.0,"{""earnings"":1.0,""growth"":1.5,""pattern"":1.0,""ruleone"":2.0,""valuation"":3.0}",2,
2026-08-25T09:34:05,EOG,4h,sell,2026-08-24T17:30,sell,0,150.21,USD,60.87124100122601,150.0,-0.0013980427401638236,1,0,24.99538130937449,1,0,clear,,0.2,5,10,green,17.12869549960523,0.0,9.520085041741737,7.608610457863492,386.0676144265629,193.03380721328145,1.5701858360066765,4,5,amber,1.0,"{""earnings"":1.0,""growth"":1.5,""pattern"":1.0,""ruleone"":2.0,""valuation"":3.0}",2,
2026-08-25T10:34:32,TXN,1h,buy,2026-08-24T15:30,strong,0,258.94,USD,36.05157544656011,325.0,0.255117015524832,1,1,20.161231354197135,1,1,clear,,0.1,10,7,amber,16.659670164917543,4.830731923247182,20.34980986645894,-3.6901397015413977,189.64984877717833,94.82492438858917,-0.2675915317170837,4,9,green,1.0,"{""earnings"":1.0,""growth"":1.5,""pattern"":1.0,""ruleone"":2.0,""valuation"":3.0}",2,
2026-08-25T10:34:32,LMT,1h,buy,2026-08-24T19:30,strong,0,564.14,USD,33.594408997803654,650.0,0.15219626333888753,1,1,52.76697088614012,1,1,clear,,0.1,10,6,amber,7.196147207839207,0.0,12.899523038175062,-5.703375830335855,193.39605577870225,96.69802788935112,-0.6571842879804618,3,7,green,1.0,"{""earnings"":1.0,""growth"":1.5,""pattern"":1.0,""ruleone"":2.0,""valuation"":3.0}",2,
2026-08-25T10:34:32,INTC,1h,buy,2026-08-24T17:30,strong,0,87.26,USD,32.39679725468068,105.0,0.20330048132019246,1,1,55.48626858150668,1,1,clear,,0.1,10,,n/a,,,,,,,,,9,green,0.7647,"{""earnings"":1.0,""growth"":1.5,""pattern"":1.0,""ruleone"":2.0,""valuation"":3.0}",2,
2026-08-25T10:34:32,TT,1h,buy,2026-08-24T17:30,signal,0,452.65,USD,45.490479663664445,,,0,0,4.751362803208827,1,1,clear,,0.1,10,4,red,7.035146819018374,4.751362803208827,18.699119302347768,-11.663972483329394,90.61751088697692,45.30875544348846,-0.7999436796031064,2,5,amber,0.6471,"{""earnings"":1.0,""growth"":1.5,""pattern"":1.0,""ruleone"":2.0,""valuation"":3.0}",2,
2026-08-25T10:34:32,TJX,1h,buy,2026-08-24T17:30,signal,0,140.71,USD,38.707596689629334,125.0,-0.11164807049960918,1,0,23.37585286265203,1,1,clear,,0.1,10,7,amber,12.661631419939578,7.661631419939577,15.463072108278006,-2.8014406883384275,110.06626673115588,55.03313336557794,-0.21777935661178402,3,5,amber,1.0,"{""earnings"":1.0,""growth"":1.5,""pattern"":1.0,""ruleone"":2.0,""valuation"":3.0}",2,
2026-08-25T10:34:32,ETN,1h,buy,2026-08-24T15:30,signal,0,408.67,USD,31.371689432270756,333.0,-0.18516162184647764,1,0,-1.1197633707593861,1,0,clear,,0.1,10,4,red,9.980840491830893,0.0,21.00220231653872,-11.021361824707828,125.56466857342495,62.78233428671248,-0.6927480153340716,3,3,red,1.0,"{""earnings"":1.0,""growth"":1.5,""pattern"":1.0,""ruleone"":2.0,""valuation"":3.0}",2,
2026-08-25T10:34:32,ETN,1h,buy,2026-08-24T17:30,signal,0,408.67,USD,31.371689432270756,333.0,-0.18516162184647764,1,0,-1.1197633707593861,1,0,clear,,0.1,10,4,red,9.980840491830893,0.0,21.00220231653872,-11.021361824707828,125.56466857342495,62.78233428671248,-0.6927480153340716,3,3,red,1.0,"{""earnings"":1.0,""growth"":1.5,""pattern"":1.0,""ruleone"":2.0,""valuation"":3.0}",2,
2026-08-25T10:34:32,JCI,1h,buy,2026-08-24T17:30,signal,0,142.99,USD,40.05747961586058,129.0,-0.09783900972095956,1,0,70.84942084942087,1,1,clear,,0.1,10,4,red,8.559987312663546,6.80711050337578,14.934058707098178,-6.374071394434631,55.34510037250488,27.67255018625244,-0.6129442592313807,1,5,amber,1.0,"{""earnings"":1.0,""growth"":1.5,""pattern"":1.0,""ruleone"":2.0,""valuation"":3.0}",2,
2026-08-25T10:34:32,EOG,1h,sell,2026-08-24T13:47,sell,0,150.21,USD,48.56240903322867,150.0,-0.0013980427401638236,1,0,24.99538130937449,1,0,clear,,0.1,10,10,green,17.12869549960523,0.0,9.520085041741737,7.608610457863492,386.0676144265629,193.03380721328145,1.5701858360066765,4,5,amber,1.0,"{""earnings"":1.0,""growth"":1.5,""pattern"":1.0,""ruleone"":2.0,""valuation"":3.0}",2,
2026-08-25T10:34:32,MNST,1h,sell,2026-08-24T16:30,sell,0,48.92,USD,66.85711512324028,35.0,-0.28454619787408014,1,1,34.5822405395279,1,0,clear,,0.1,10,8,green,20.0,20.0,22.069376427165764,-2.069376427165764,41.231738641907604,20.615869320953802,-0.15715988058242839,4,5,amber,1.0,"{""earnings"":1.0,""growth"":1.5,""pattern"":1.0,""ruleone"":2.0,""valuation"":3.0}",2,
2026-08-25T10:34:32,HOOD,1h,sell,2026-08-24T15:30,sell,0,103.62,USD,53.0923826857794,57.0,-0.44991314418066014,1,1,14.69930922389272,1,0,clear,,0.1,10,7,amber,20.0,14.69930922389272,22.200211614066284,-2.2002116140662835,86.40452134479933,43.20226067239967,-0.16614050043621567,3,4,red,1.0,"{""earnings"":1.0,""growth"":1.5,""pattern"":1.0,""ruleone"":2.0,""valuation"":3.0}",2,
2026-08-25T10:34:32,ALB,1h,sell,2026-08-24T14:30,sell,0,141.51,USD,60.924377430530434,200.0,0.41332768002261333,1,0,99.60973099314884,1,0,clear,,0.1,10,,n/a,,,,,,,,,9,green,0.7647,"{""earnings"":1.0,""growth"":1.5,""pattern"":1.0,""ruleone"":2.0,""valuation"":3.0}",2,
2026-08-25T10:34:32,ABNB,1h,sell,2026-08-24T15:30,sell,0,190.21,USD,59.976078526729694,185.0,-0.027390778613111864,1,0,6.145049218297618,1,0,clear,,0.1,10,3,red,6.145049218297618,0.0,21.474981568671375,-15.329932350373756,24.264855390201838,12.132427695100919,-0.8724312318479479,3,3,red,1.0,"{""earnings"":1.0,""growth"":1.5,""pattern"":1.0,""ruleone"":2.0,""valuation"":3.0}",2,
2026-08-25T10:34:32,MRSH,1h,sell,2026-08-24T15:30,sell,0,194.66,USD,65.33525805058136,,,0,0,-1.9073111593907066,1,1,clear,,0.1,10,3,red,2.877038665933664,0.0,14.445795889352787,-11.568757223419123,21.460266718352774,10.730133359176387,-0.8897607915017579,1,3,red,0.6471,"{""earnings"":1.0,""growth"":1.5,""pattern"":1.0,""ruleone"":2.0,""valuation"":3.0}",2,
2026-08-25T10:34:32,MO,1h,sell,2026-08-24T16:30,sell,0,68.47,USD,68.12485945340121,71.0,0.036950489265371714,1,0,-8.228814378200786,1,1,clear,,0.1,10,3,red,0.0,0.0,10.62515257369202,-10.62515257369202,9.390448111687236,4.695224055843618,-0.8628531019178146,1,3,red,1.0,"{""earnings"":1.0,""growth"":1.5,""pattern"":1.0,""ruleone"":2.0,""valuation"":3.0}",2,
2026-08-25T10:34:32,DASH,1h,sell,2026-08-24T18:30,sell,0,229.06,USD,69.97981251003542,205.0,-0.10503798131493933,1,1,5.953043284744631,1,0,clear,,0.1,10,3,red,20.0,5.953043284744631,34.562159384390924,-14.562159384390924,72.86722630813739,36.433613154068695,-0.6818858538892107,2,3,red,1.0,"{""earnings"":1.0,""growth"":1.5,""pattern"":1.0,""ruleone"":2.0,""valuation"":3.0}",2,
2026-08-25T10:34:32,MELI,1h,sell,2026-08-24T17:30,sell,0,1947.9,USD,57.49623219177511,2250.0,0.1550900970275681,1,0,-9.254677097532534,1,1,clear,,0.1,10,2,red,4.500427121413896,0.0,23.97603007611641,-19.475602954702513,126.97370122300191,63.486850611500955,-0.9348150822819437,3,5,amber,1.0,"{""earnings"":1.0,""growth"":1.5,""pattern"":1.0,""ruleone"":2.0,""valuation"":3.0}",2,
2026-08-25T10:34:32,SNPS,1h,buy,2026-08-24T16:30,suspended,0,394.51,USD,42.09722176902022,520.0,0.3180907961775367,1,1,-68.87197361409169,1,0,before,1,0.1,10,1,red,0.0,0.0,30.898943373411335,-30.898943373411335,8.54764713769412,4.27382356884706,-0.9783335095746771,2,5,amber,1.0,"{""earnings"":1.0,""growth"":1.5,""pattern"":1.0,""ruleone"":2.0,""valuation"":3.0}",2,
2026-08-25T10:34:32,SO,4h,buy,2026-08-24T17:30,signal,0,90.1,USD,36.0118101345568,83.0,-0.07880133185349605,1,0,7.0047248973690355,1,1,clear,,0.2,5,3,red,6.399182032930225,0.0,13.404464476307908,-7.005282443377682,24.37926532679919,12.189632663399594,-0.729419918681474,0,3,red,1.0,"{""earnings"":1.0,""growth"":1.5,""pattern"":1.0,""ruleone"":2.0,""valuation"":3.0}",2,
2026-08-25T10:34:32,PSX,4h,sell,2026-08-24T17:30,sell,0,241.96,USD,69.80096388302108,160.0,-0.33873367498760126,1,1,322.8171929149018,1,0,clear,,0.2,5,10,amber,20.0,15.5961228273814,10.378105189081811,9.621894810918189,672.2311553691634,336.1155776845817,1.7782739104362844,4,6,amber,1.0,"{""earnings"":1.0,""growth"":1.5,""pattern"":1.0,""ruleone"":2.0,""valuation"":3.0}",2,
2026-08-25T10:34:32,DXCM,4h,sell,2026-08-24T17:30,sell,0,91.06,USD,62.775418473617506,79.0,-0.13244014935207557,1,0,77.35928311397369,1,0,clear,,0.2,5,9,green,20.0,15.541294642857142,19.252152683689218,0.7478473163107822,96.93437887472969,48.467189437364844,0.0645110792305039,4,6,amber,1.0,"{""earnings"":1.0,""growth"":1.5,""pattern"":1.0,""ruleone"":2.0,""valuation"":3.0}",2,
2026-08-25T10:34:32,ALB,4h,sell,2026-08-24T17:30,sell,0,141.51,USD,68.6476279232519,200.0,0.41332768002261333,1,0,99.60973099314884,1,0,clear,,0.2,5,,n/a,,,,,,,,,9,green,0.7647,"{""earnings"":1.0,""growth"":1.5,""pattern"":1.0,""ruleone"":2.0,""valuation"":3.0}",2,
2026-08-25T11:28:40,BESI,1h,buy,2026-08-25T11:28,strong,1,201.0,EUR,30.873755234624568,265.0,0.31840796019900497,1,1,25.033679753656674,1,1,clear,,0.1,10,6,amber,20.0,0.0,27.051248906592285,-7.051248906592285,113.5583655080891,56.77918275404455,-0.43503300742244233,4,9,green,1.0,"{""earnings"":1.0,""growth"":1.5,""pattern"":1.0,""ruleone"":2.0,""valuation"":3.0}",2,
2026-08-25T12:00:40,BESI,1h,buy,2026-08-25T12:00,strong,1,201.2,EUR,31.468737222416678,265.0,0.3170974155069583,1,1,25.033679753656674,1,1,clear,,0.1,10,6,amber,20.0,0.0,27.063885164911888,-7.063885164911888,113.5583655080891,56.77918275404455,-0.43559460483057105,4,9,green,1.0,"{""earnings"":1.0,""growth"":1.5,""pattern"":1.0,""ruleone"":2.0,""valuation"":3.0}",2,
2026-08-25T12:47:51,BESI,1h,buy,2026-08-25T12:47,strong,1,199.85,EUR,30.721484542660747,265.0,0.325994495871904,1,1,25.033679753656674,1,1,clear,,0.1,10,6,amber,20.0,0.0,26.978370060320273,-6.978370060320273,113.5583655080891,56.77918275404455,-0.4317820089662792,4,9,green,1.0,"{""earnings"":1.0,""growth"":1.5,""pattern"":1.0,""ruleone"":2.0,""valuation"":3.0}",2,
2026-08-25T13:52:32,PROP,1h,buy,2026-08-24T15:30,strong,0,0.5212,USD,31.354573263276407,1.37,1.6285495011511897,1,1,49.54743100541308,1,1,clear,,0.1,10,,n/a,,,,,,,,,9,green,0.7647,"{""earnings"":1.0,""growth"":1.5,""pattern"":1.0,""ruleone"":2.0,""valuation"":3.0}",2,
2026-08-25T13:52:32,PROP,1h,buy,2026-08-24T18:30,strong,0,0.5212,USD,31.354573263276407,1.37,1.6285495011511897,1,1,49.54743100541308,1,1,clear,,0.1,10,,n/a,,,,,,,,,9,green,0.7647,"{""earnings"":1.0,""growth"":1.5,""pattern"":1.0,""ruleone"":2.0,""valuation"":3.0}",2,
2026-08-25T13:52:32,PROP,1h,buy,2026-08-25T13:30,strong,1,0.5212,USD,31.354573263276407,1.37,1.6285495011511897,1,1,49.54743100541308,1,1,clear,,0.1,10,,n/a,,,,,,,,,9,green,0.7647,"{""earnings"":1.0,""growth"":1.5,""pattern"":1.0,""ruleone"":2.0,""valuation"":3.0}",2,
2026-08-25T13:52:32,GD,1h,buy,2026-08-25T13:48,signal,1,384.11,USD,39.126806509606176,407.0,0.05959230428783418,1,0,10.135098839707785,1,1,clear,,0.1,10,7,amber,10.135098839707785,9.126171105762538,14.250784428866655,-4.11568558915887,215.79388932545018,107.89694466272509,-0.43819767950469873,3,6,amber,1.0,"{""earnings"":1.0,""growth"":1.5,""pattern"":1.0,""ruleone"":2.0,""valuation"":3.0}",2,
2026-08-25T13:52:32,PGR,1h,sell,2026-08-25T13:30,sell,1,221.855,USD,59.42130255825454,198.0,-0.10752518536882194,1,1,12.29942911191433,1,0,clear,,0.1,10,9,green,12.29942911191433,10.491865368880818,9.270738399676326,3.0286907122380047,386.8802454342714,193.4401227171357,0.7438428046889698,3,5,amber,1.0,"{""earnings"":1.0,""growth"":1.5,""pattern"":1.0,""ruleone"":2.0,""valuation"":3.0}",2,
2026-08-25T13:52:32,DSFIR,1h,sell,2026-08-25T13:51,sell,1,91.5,EUR,62.23162446323973,103.0,0.12568306010928962,1,0,-301.20473077205617,1,1,clear,,0.1,10,,n/a,,,,,,,,,5,amber,0.7647,"{""earnings"":1.0,""growth"":1.5,""pattern"":1.0,""ruleone"":2.0,""valuation"":3.0}",2,
2026-08-25T13:52:32,NVDA,1h,buy,2026-08-24T17:30,suspended,0,212.13,USD,42.9415236157806,280.0,0.3199453165511715,1,1,110.33338701884364,1,1,before,1,0.1,10,9,amber,20.0,20.0,18.052193422258846,1.9478065777411544,249.84688844091338,124.92344422045669,0.17780082233023797,4,8,green,1.0,"{""earnings"":1.0,""growth"":1.5,""pattern"":1.0,""ruleone"":2.0,""valuation"":3.0}",2,
2026-08-25T13:52:32,NVDA,1h,buy,2026-08-25T13:30,suspended,1,212.13,USD,42.9415236157806,280.0,0.3199453165511715,1,1,110.33338701884364,1,1,before,1,0.1,10,9,amber,20.0,20.0,18.052193422258846,1.9478065777411544,249.84688844091338,124.92344422045669,0.17780082233023797,4,8,green,1.0,"{""earnings"":1.0,""growth"":1.5,""pattern"":1.0,""ruleone"":2.0,""valuation"":3.0}",2,
2026-08-25T13:52:32,APP,4h,buy,2026-08-25T13:30,strong,1,305.265,USD,34.50593966769935,470.0,0.5396458814472672,1,1,93.2791585577823,1,1,clear,,0.2,5,10,green,20.0,20.0,14.272872256133265,5.727127743866735,497.80360623510234,248.90180311755117,0.630726110871218,4,9,green,1.0,"{""earnings"":1.0,""growth"":1.5,""pattern"":1.0,""ruleone"":2.0,""valuation"":3.0}",2,
2026-08-25T13:52:32,AVGO,4h,buy,2026-08-24T13:45,strong,0,362.28,USD,32.80689756739483,650.0,0.7941923374185714,1,1,125.81008946695735,1,1,clear,,0.2,5,7,amber,20.0,20.0,25.58637133160594,-5.586371331605939,229.84322013914155,114.92161006957078,-0.3655647009519113,4,8,green,1.0,"{""earnings"":1.0,""growth"":1.5,""pattern"":1.0,""ruleone"":2.0,""valuation"":3.0}",2,
2026-08-25T13:52:32,AVGO,4h,buy,2026-08-25T13:30,strong,1,362.28,USD,32.80689756739483,650.0,0.7941923374185714,1,1,125.81008946695735,1,1,clear,,0.2,5,7,amber,20.0,20.0,25.58637133160594,-5.586371331605939,229.84322013914155,114.92161006957078,-0.3655647009519113,4,8,green,1.0,"{""earnings"":1.0,""growth"":1.5,""pattern"":1.0,""ruleone"":2.0,""valuation"":3.0}",2,
2026-08-25T13:52:32,HWM,4h,buy,2026-08-25T13:30,signal,1,267.29,USD,35.38266772343361,229.74,-0.14048411837330244,1,0,35.486981677917065,1,1,clear,,0.2,5,7,amber,20.0,18.080559513016446,25.021033341653364,-5.021033341653364,177.40437658983353,88.70218829491677,-0.3362850215502506,4,5,amber,1.0,"{""earnings"":1.0,""growth"":1.5,""pattern"":1.0,""ruleone"":2.0,""valuation"":3.0}",2,
2026-08-25T13:52:32,BA,4h,buy,2026-08-25T13:30,signal,1,211.92,USD,32.5014939882948,246.0,0.16081540203850517,1,0,,0,0,clear,,0.2,5,4,red,20.0,20.0,31.632083647474815,-11.632083647474815,84.01693736998953,42.00846868499477,-0.6035440856455759,2,5,amber,0.8235,"{""earnings"":1.0,""growth"":1.5,""pattern"":1.0,""ruleone"":2.0,""valuation"":3.0}",2,
2026-08-25T13:52:32,BB,4h,buy,2026-08-25T13:30,signal,1,7.815,USD,31.72133333036639,5.2,-0.3346129238643634,1,0,,0,0,clear,,0.2,5,1,red,3.6504655882381214,3.6504655882381214,29.24615952796475,-25.59569393972663,0.2751788564509633,0.13758942822548165,-0.9647883740945665,1,3,red,0.8235,"{""earnings"":1.0,""growth"":1.5,""pattern"":1.0,""ruleone"":2.0,""valuation"":3.0}",2,
2026-08-25T13:52:32,PATH,4h,sell,2026-08-25T13:50,sell,1,16.405,USD,66.59684921494913,15.19,-0.07406278573605618,1,0,,0,0,clear,,0.2,5,8,green,15.239640126352697,15.239640126352697,15.916973774926323,-0.6773336485736259,15.471229303572919,7.7356146517864595,-0.05691988396385749,3,4,red,0.8235,"{""earnings"":1.0,""growth"":1.5,""pattern"":1.0,""ruleone"":2.0,""valuation"":3.0}",2,
2026-08-25T13:52:32,TMO,4h,sell,2026-08-25T13:51,sell,1,628.08,USD,69.6126747157033,560.0,-0.10839383518023188,1,0,7.601479432074029,1,0,clear,,0.2,5,3,red,7.229473294455244,7.224086333544916,18.515984829117173,-11.28651153466193,133.5315959408934,66.7657979704467,-0.7873971533229949,1,3,red,1.0,"{""earnings"":1.0,""growth"":1.5,""pattern"":1.0,""ruleone"":2.0,""valuation"":3.0}",2,
2026-08-25T13:52:33,APP,1d,buy,2026-08-25,strong,1,305.265,USD,31.409439278975555,470.0,0.5396458814472672,1,1,93.2791585577823,1,1,clear,,0.3,2,10,green,20.0,20.0,14.272872256133265,5.727127743866735,497.80360623510234,248.90180311755117,0.630726110871218,4,9,green,1.0,"{""earnings"":1.0,""growth"":1.5,""pattern"":1.0,""ruleone"":2.0,""valuation"":3.0}",2,
2026-08-25T13:52:33,PATH,1d,sell,2026-08-25,sell,1,16.405,USD,68.38113498259408,15.19,-0.07406278573605618,1,0,,0,0,clear,,0.3,2,8,green,15.239640126352697,15.239640126352697,15.916973774926323,-0.6773336485736259,15.471229303572919,7.7356146517864595,-0.05691988396385749,3,4,red,0.8235,"{""earnings"":1.0,""growth"":1.5,""pattern"":1.0,""ruleone"":2.0,""valuation"":3.0}",2,
2026-08-25T13:52:33,SCHW,1d,sell,2026-08-25,sell,1,112.65,USD,68.95204850421952,124.0,0.10075454948956941,1,0,48.05481517378779,1,0,clear,,0.3,2,8,green,15.131993400329984,10.131993400329984,12.731946953698955,2.4000464466310287,139.06612746163447,69.53306373081723,0.23449735873621358,3,6,amber,1.0,"{""earnings"":1.0,""growth"":1.5,""pattern"":1.0,""ruleone"":2.0,""valuation"":3.0}",2,
2026-08-25T13:52:33,TGT,1d,sell,2026-08-25,sell,1,162.326,USD,64.53510112550867,121.0,-0.2545864494905314,1,1,12.326307936211874,1,0,clear,,0.3,2,5,amber,1.9547519878833777,0.0,11.486997453955446,-9.53224546607207,23.124592371773645,11.562296185886822,-0.8575422768270416,3,4,red,1.0,"{""earnings"":1.0,""growth"":1.5,""pattern"":1.0,""ruleone"":2.0,""valuation"":3.0}",2,
2026-08-25T14:46:10,LMT,1h,buy,2026-08-25T14:45,strong,1,561.0,USD,30.58440150597363,650.0,0.1586452762923351,1,1,52.76697088614012,1,1,clear,,0.1,10,6,amber,7.196147207839207,0.0,12.836525276698708,-5.640378068859501,193.39605577870225,96.69802788935112,-0.6552654977206733,3,7,green,1.0,"{""earnings"":1.0,""growth"":1.5,""pattern"":1.0,""ruleone"":2.0,""valuation"":3.0}",2,
2026-08-25T14:46:10,HON,1h,buy,2026-08-25T14:42,signal,1,215.99,USD,31.042586628151923,186.0,-0.1388490207879995,1,0,53.73390557939914,1,1,clear,,0.1,10,5,amber,0.0,0.0,7.696503621761831,-7.696503621761831,53.47910328664282,26.73955164332141,-0.752400095899612,2,5,amber,1.0,"{""earnings"":1.0,""growth"":1.5,""pattern"":1.0,""ruleone"":2.0,""valuation"":3.0}",2,
2026-08-25T14:46:10,NEM,1h,sell,2026-08-25T14:45,sell,1,131.83,USD,68.4548274289481,67.0,-0.4917697034059016,1,1,42.18029048995494,1,0,clear,,0.1,10,10,green,20.0,20.0,11.419717165920751,8.580282834079249,303.0127207005001,151.50636035025005,1.2985111181104458,4,6,amber,1.0,"{""earnings"":1.0,""growth"":1.5,""pattern"":1.0,""ruleone"":2.0,""valuation"":3.0}",2,
2026-08-25T14:46:11,PROP,4h,buy,2026-08-25T13:30,strong,1,0.5407,USD,33.003028762426865,1.37,1.5337525429998153,1,1,49.54743100541308,1,1,clear,,0.2,5,,n/a,,,,,,,,,9,green,0.7647,"{""earnings"":1.0,""growth"":1.5,""pattern"":1.0,""ruleone"":2.0,""valuation"":3.0}",2,
2026-08-25T14:46:11,HWM,4h,buy,2026-08-25T14:45,signal,1,264.305,USD,30.31961992518667,229.74,-0.13077694330413725,1,0,35.486981677917065,1,1,clear,,0.2,5,7,amber,20.0,18.080559513016446,24.880707631553022,-4.8807076315530225,177.40437658983353,88.70218829491677,-0.32878917693636694,4,5,amber,1.0,"{""earnings"":1.0,""growth"":1.5,""pattern"":1.0,""ruleone"":2.0,""valuation"":3.0}",2,
2026-08-25T14:46:11,BA,4h,buy,2026-08-25T14:45,signal,1,211.94,USD,31.876534643908414,246.0,0.16070586014909882,1,0,,0,0,clear,,0.2,5,4,red,20.0,20.0,31.633325875614837,-11.633325875614837,84.01693736998953,42.00846868499477,-0.6035814977352575,2,5,amber,0.8235,"{""earnings"":1.0,""growth"":1.5,""pattern"":1.0,""ruleone"":2.0,""valuation"":3.0}",2,
2026-08-25T14:46:11,PATH,4h,sell,2026-08-25T13:30,sell,1,16.5101,USD,69.17720344996587,15.19,-0.07995711715858787,1,0,,0,0,clear,,0.2,5,8,green,15.239640126352697,15.239640126352697,15.991023717181584,-0.7513835908288868,15.471229303572919,7.7356146517864595,-0.06292334367611839,3,4,red,0.8235,"{""earnings"":1.0,""growth"":1.5,""pattern"":1.0,""ruleone"":2.0,""valuation"":3.0}",2,
2026-08-25T15:43:55,BESI,1h,buy,2026-08-25T15:43,strong,1,198.4,EUR,30.26153712264683,265.0,0.3356854838709677,1,1,25.033679753656674,1,1,clear,,0.1,10,6,amber,20.0,0.0,26.885939461670134,-6.885939461670134,113.5583655080891,56.77918275404455,-0.4276292061084219,4,9,green,1.0,"{""earnings"":1.0,""growth"":1.5,""pattern"":1.0,""ruleone"":2.0,""valuation"":3.0}",2,
2026-08-25T15:43:55,HWM,1h,buy,2026-08-25T15:43,signal,1,264.82,USD,30.96600384728906,229.74,-0.13246733630390448,1,0,35.486981677917065,1,1,clear,,0.1,10,7,amber,20.0,18.080559513016446,24.905019408475376,-4.9050194084753755,177.40437658983353,88.70218829491677,-0.33009449214623693,4,5,amber,1.0,"{""earnings"":1.0,""growth"":1.5,""pattern"":1.0,""ruleone"":2.0,""valuation"":3.0}",2,
2026-08-25T15:43:55,LCID,1h,buy,2026-08-25T14:30,signal,1,5.215,USD,30.404539376906513,9.31,0.7852348993288593,1,1,-18.661776436721798,1,0,clear,,0.1,10,,n/a,,,,,,,,,8,green,0.7647,"{""earnings"":1.0,""growth"":1.5,""pattern"":1.0,""ruleone"":2.0,""valuation"":3.0}",2,
2026-08-25T15:43:55,ADM,1h,buy,2026-08-25T14:30,signal,1,77.415,USD,34.31813961671065,65.0,-0.16036943744752316,1,0,60.792253521126774,1,1,clear,,0.1,10,2,red,0.0,0.0,13.114689160073535,-13.114689160073535,7.224121347235203,3.6120606736176013,-0.9066831835272855,1,5,amber,1.0,"{""earnings"":1.0,""growth"":1.5,""pattern"":1.0,""ruleone"":2.0,""valuation"":3.0}",2,
2026-08-25T15:43:55,DSFIR,1h,sell,2026-08-25T15:43,sell,1,91.8,EUR,67.12778524014738,103.0,0.12200435729847497,1,0,-301.20473077205617,1,1,clear,,0.1,10,,n/a,,,,,,,,,5,amber,0.7647,"{""earnings"":1.0,""growth"":1.5,""pattern"":1.0,""ruleone"":2.0,""valuation"":3.0}",2,
2026-08-25T15:43:55,UPS,1h,sell,2026-08-25T15:40,sell,1,104.24,USD,68.20622573710091,109.0,0.04566385264773604,1,0,-20.137071836346333,1,1,clear,,0.1,10,3,red,0.0,0.0,12.302057601337022,-12.302057601337022,10.62281218252841,5.311406091264205,-0.898092745754716,2,3,red,1.0,"{""earnings"":1.0,""growth"":1.5,""pattern"":1.0,""ruleone"":2.0,""valuation"":3.0}",2,
2026-08-25T15:43:55,MELI,1h,sell,2026-08-25T15:43,sell,1,2001.235,USD,68.90672274979771,2250.0,0.12430574120480609,1,0,-9.254677097532534,1,1,clear,,0.1,10,2,red,4.500427121413896,0.0,24.311374547541917,-19.81094742612802,126.97370122300191,63.486850611500955,-0.936552328325758,3,4,red,1.0,"{""earnings"":1.0,""growth"":1.5,""pattern"":1.0,""ruleone"":2.0,""valuation"":3.0}",2,
2026-08-25T15:43:55,HWM,4h,buy,2026-08-25T15:41,signal,1,264.82,USD,31.21501694363924,229.74,-0.13246733630390448,1,0,35.486981677917065,1,1,clear,,0.2,5,7,amber,20.0,18.080559513016446,24.905019408475376,-4.9050194084753755,177.40437658983353,88.70218829491677,-0.33009449214623693,4,5,amber,1.0,"{""earnings"":1.0,""growth"":1.5,""pattern"":1.0,""ruleone"":2.0,""valuation"":3.0}",2,
2026-08-25T15:43:55,KO,4h,sell,2026-08-25T13:30,sell,1,91.57,USD,69.00596778605949,75.0,-0.1809544610680353,1,1,17.602664493498224,1,0,clear,,0.2,5,6,amber,12.415353243553252,7.415353243553252,16.138744586854394,-3.7233913433011416,65.65794792489429,32.828973962447144,-0.28297534208917446,2,4,red,1.0,"{""earnings"":1.0,""growth"":1.5,""pattern"":1.0,""ruleone"":2.0,""valuation"":3.0}",2,
2026-08-25T15:43:55,TMO,4h,sell,2026-08-25T13:30,sell,1,625.465,USD,67.24144676039009,560.0,-0.1046661284004701,1,0,7.601479432074029,1,0,clear,,0.2,5,3,red,7.229473294455244,7.224086333544916,18.466548214248107,-11.237074919792864,133.5315959408934,66.7657979704467,-0.7865082843310283,1,3,red,1.0,"{""earnings"":1.0,""growth"":1.5,""pattern"":1.0,""ruleone"":2.0,""valuation"":3.0}",2,
2026-08-25T16:39:20,BESI,1h,buy,2026-08-25T16:38,strong,1,199.2,EUR,30.887279439171323,265.0,0.3303212851405623,1,1,25.033679753656674,1,1,clear,,0.1,10,6,amber,20.0,0.0,26.937010545998476,-6.937010545998476,113.5583655080891,56.77918275404455,-0.4299278839955366,4,9,green,1.0,"{""earnings"":1.0,""growth"":1.5,""pattern"":1.0,""ruleone"":2.0,""valuation"":3.0}",2,
2026-08-25T16:39:20,AMGN,1h,sell,2026-08-25T15:30,sell,1,444.97,USD,67.00534315787019,342.0,-0.23140885902420394,1,1,31.702528020944104,1,0,clear,,0.1,10,7,amber,14.892702010758565,9.892702010758565,16.160833700634242,-1.268131689875677,398.71076337932703,199.35538168966352,-0.1039603492834865,2,5,amber,1.0,"{""earnings"":1.0,""growth"":1.5,""pattern"":1.0,""ruleone"":2.0,""valuation"":3.0}",2,
2026-08-25T16:39:20,DSFIR,1h,sell,2026-08-25T16:38,sell,1,91.7,EUR,64.64316904005454,103.0,0.12322791712104686,1,0,-301.20473077205617,1,1,clear,,0.1,10,,n/a,,,,,,,,,5,amber,0.7647,"{""earnings"":1.0,""growth"":1.5,""pattern"":1.0,""ruleone"":2.0,""valuation"":3.0}",2,
2026-08-25T16:39:21,AVGO,4h,buy,2026-08-25T16:38,strong,1,359.995,USD,30.451984834680673,650.0,0.8055806330643481,1,1,125.81008946695735,1,1,clear,,0.2,5,7,amber,20.0,20.0,25.506934815109112,-5.506934815109112,229.84322013914155,114.92161006957078,-0.36153774319326226,4,8,green,1.0,"{""earnings"":1.0,""growth"":1.5,""pattern"":1.0,""ruleone"":2.0,""valuation"":3.0}",2,
2026-08-25T16:39:21,HWM,4h,buy,2026-08-25T16:38,signal,1,264.19,USD,30.206053546335042,229.74,-0.1303985767818615,1,0,35.486981677917065,1,1,clear,,0.2,5,7,amber,20.0,18.080559513016446,24.87527296552637,-4.875272965526371,177.40437658983353,88.70218829491677,-0.3284970037100816,4,5,amber,1.0,"{""earnings"":1.0,""growth"":1.5,""pattern"":1.0,""ruleone"":2.0,""valuation"":3.0}",2,
2026-08-25T17:35:16,BESI,1h,buy,2026-08-25T17:34,strong,1,199.2,EUR,30.887279439171323,265.0,0.3303212851405623,1,1,25.033679753656674,1,1,clear,,0.1,10,6,amber,20.0,0.0,26.937010545998476,-6.937010545998476,113.5583655080891,56.77918275404455,-0.4299278839955366,4,9,green,1.0,"{""earnings"":1.0,""growth"":1.5,""pattern"":1.0,""ruleone"":2.0,""valuation"":3.0}",2,
2026-08-25T17:35:16,DSFIR,1h,sell,2026-08-25T17:34,sell,1,91.7,EUR,64.64316904005454,103.0,0.12322791712104686,1,0,-301.20473077205617,1,1,clear,,0.1,10,,n/a,,,,,,,,,5,amber,0.7647,"{""earnings"":1.0,""growth"":1.5,""pattern"":1.0,""ruleone"":2.0,""valuation"":3.0}",2,
2026-08-25T17:35:17,ABT,4h,sell,2026-08-25T17:34,sell,1,115.56,USD,69.02910157916241,107.0,-0.0740740740740741,1,0,-61.310089540293134,1,1,clear,,0.2,5,1,red,0.0,0.0,19.71136126497474,-19.71136126497474,6.117920350398629,3.0589601751993145,-0.9470584947179073,1,2,red,1.0,"{""earnings"":1.0,""growth"":1.5,""pattern"":1.0,""ruleone"":2.0,""valuation"":3.0}",2,
2026-08-25T18:03:40,BESI,1h,buy,2026-08-25T18:03,strong,1,199.2,EUR,30.887279439171323,265.0,0.3303212851405623,1,1,25.033679753656674,1,1,clear,,0.1,10,6,amber,20.0,0.0,26.937010545998476,-6.937010545998476,113.5583655080891,56.77918275404455,-0.4299278839955366,4,9,green,1.0,"{""earnings"":1.0,""growth"":1.5,""pattern"":1.0,""ruleone"":2.0,""valuation"":3.0}",2,
2026-08-25T18:03:40,DSFIR,1h,sell,2026-08-25T18:03,sell,1,91.7,EUR,64.64316904005454,103.0,0.12322791712104686,1,0,-301.20473077205617,1,1,clear,,0.1,10,,n/a,,,,,,,,,5,amber,0.7647,"{""earnings"":1.0,""growth"":1.5,""pattern"":1.0,""ruleone"":2.0,""valuation"":3.0}",2,
2026-08-25T18:03:40,ABT,4h,sell,2026-08-25T18:03,sell,1,115.725,USD,69.9866101513775,107.0,-0.07539425361849207,1,0,-61.310089540293134,1,1,clear,,0.2,5,1,red,0.0,0.0,19.728443036099137,-19.728443036099137,6.117920350398629,3.0589601751993145,-0.9471339783936173,1,2,red,1.0,"{""earnings"":1.0,""growth"":1.5,""pattern"":1.0,""ruleone"":2.0,""valuation"":3.0}",2,
2026-08-25T18:54:36,BESI,1h,buy,2026-08-25T18:54,strong,1,199.2,EUR,30.887279439171323,265.0,0.3303212851405623,1,1,25.033679753656674,1,1,clear,,0.1,10,6,amber,20.0,0.0,26.937010545998476,-6.937010545998476,113.5583655080891,56.77918275404455,-0.4299278839955366,4,9,green,1.0,"{""earnings"":1.0,""growth"":1.5,""pattern"":1.0,""ruleone"":2.0,""valuation"":3.0}",2,
2026-08-25T18:54:36,HWM,1h,buy,2026-08-25T17:30,signal,1,264.14,USD,32.241211921781016,229.74,-0.13023396683576882,1,0,35.486981677917065,1,1,clear,,0.1,10,7,amber,20.0,18.080559513016446,24.87290940314012,-4.87290940314012,177.40437658983353,88.70218829491677,-0.32836989251974885,4,5,amber,1.0,"{""earnings"":1.0,""growth"":1.5,""pattern"":1.0,""ruleone"":2.0,""valuation"":3.0}",2,
2026-08-25T18:54:36,HON,1h,buy,2026-08-25T15:30,signal,1,215.625,USD,35.19142558227618,186.0,-0.1373913043478261,1,0,53.73390557939914,1,1,clear,,0.1,10,5,amber,0.0,0.0,7.68891411169786,-7.68891411169786,53.47910328664282,26.73955164332141,-0.7519809702648449,2,5,amber,1.0,"{""earnings"":1.0,""growth"":1.5,""pattern"":1.0,""ruleone"":2.0,""valuation"":3.0}",2,
2026-08-25T18:54:36,HON,1h,buy,2026-08-25T18:30,signal,1,215.625,USD,35.19142558227618,186.0,-0.1373913043478261,1,0,53.73390557939914,1,1,clear,,0.1,10,5,amber,0.0,0.0,7.68891411169786,-7.68891411169786,53.47910328664282,26.73955164332141,-0.7519809702648449,2,5,amber,1.0,"{""earnings"":1.0,""growth"":1.5,""pattern"":1.0,""ruleone"":2.0,""valuation"":3.0}",2,
2026-08-25T18:54:36,HOOD,1h,sell,2026-08-25T18:30,sell,1,112.08,USD,69.48866931066168,57.0,-0.49143468950749464,1,1,14.69930922389272,1,0,clear,,0.1,10,7,amber,20.0,14.69930922389272,23.163043253038808,-3.1630432530388077,86.40452134479933,43.20226067239967,-0.22908171533904947,3,4,red,1.0,"{""earnings"":1.0,""growth"":1.5,""pattern"":1.0,""ruleone"":2.0,""valuation"":3.0}",2,
2026-08-25T18:54:36,HOOD,1h,sell,2026-08-25T18:54,sell,1,112.08,USD,69.48866931066168,57.0,-0.49143468950749464,1,1,14.69930922389272,1,0,clear,,0.1,10,7,amber,20.0,14.69930922389272,23.163043253038808,-3.1630432530388077,86.40452134479933,43.20226067239967,-0.22908171533904947,3,4,red,1.0,"{""earnings"":1.0,""growth"":1.5,""pattern"":1.0,""ruleone"":2.0,""valuation"":3.0}",2,
2026-08-25T18:54:36,DSFIR,1h,sell,2026-08-25T18:54,sell,1,91.7,EUR,64.64316904005454,103.0,0.12322791712104686,1,0,-301.20473077205617,1,1,clear,,0.1,10,,n/a,,,,,,,,,5,amber,0.7647,"{""earnings"":1.0,""growth"":1.5,""pattern"":1.0,""ruleone"":2.0,""valuation"":3.0}",2,
2026-08-25T18:54:36,DASH,1h,sell,2026-08-25T17:30,sell,1,232.26,USD,69.94899725356802,205.0,-0.1173684663738913,1,1,5.953043284744631,1,0,clear,,0.1,10,3,red,20.0,5.953043284744631,34.74897315976399,-14.748973159763992,72.86722630813739,36.433613154068695,-0.6862687233783803,2,3,red,1.0,"{""earnings"":1.0,""growth"":1.5,""pattern"":1.0,""ruleone"":2.0,""valuation"":3.0}",2,
2026-08-25T18:54:36,DASH,1h,sell,2026-08-25T18:54,sell,1,232.26,USD,69.94899725356802,205.0,-0.1173684663738913,1,1,5.953043284744631,1,0,clear,,0.1,10,3,red,20.0,5.953043284744631,34.74897315976399,-14.748973159763992,72.86722630813739,36.433613154068695,-0.6862687233783803,2,3,red,1.0,"{""earnings"":1.0,""growth"":1.5,""pattern"":1.0,""ruleone"":2.0,""valuation"":3.0}",2,
2026-08-25T18:54:37,HWM,4h,buy,2026-08-25T18:54,signal,1,264.14,USD,30.20807274480582,229.74,-0.13023396683576882,1,0,35.486981677917065,1,1,clear,,0.2,5,7,amber,20.0,18.080559513016446,24.87290940314012,-4.87290940314012,177.40437658983353,88.70218829491677,-0.32836989251974885,4,5,amber,1.0,"{""earnings"":1.0,""growth"":1.5,""pattern"":1.0,""ruleone"":2.0,""valuation"":3.0}",2,
2026-08-25T18:54:37,ABNB,4h,sell,2026-08-25T18:54,sell,1,189.595,USD,69.46522301612168,185.0,-0.024235871199134992,1,0,6.145049218297618,1,0,clear,,0.2,5,3,red,6.145049218297618,0.0,21.435648182708192,-15.290598964410574,24.264855390201838,12.132427695100919,-0.8720174298362202,3,3,red,1.0,"{""earnings"":1.0,""growth"":1.5,""pattern"":1.0,""ruleone"":2.0,""valuation"":3.0}",2,
2026-08-25T19:34:12,BESI,1h,buy,2026-08-25T19:33,strong,1,199.2,EUR,30.887279439171323,265.0,0.3303212851405623,1,1,25.033679753656674,1,1,clear,,0.1,10,6,amber,20.0,0.0,26.937010545998476,-6.937010545998476,113.5583655080891,56.77918275404455,-0.4299278839955366,4,9,green,1.0,"{""earnings"":1.0,""growth"":1.5,""pattern"":1.0,""ruleone"":2.0,""valuation"":3.0}",2,
2026-08-25T19:34:12,NVO,1h,sell,2026-08-25T19:33,sell,1,48.245,USD,68.69459318565464,44.0,-0.08798839257954187,1,0,12.752824469550845,1,0,clear,,0.1,10,9,green,12.752824469550845,6.128294987048615,9.565975016974082,3.1868494525767623,83.97505582192994,41.98752791096497,0.7405960373495688,4,5,amber,1.0,"{""earnings"":1.0,""growth"":1.5,""pattern"":1.0,""ruleone"":2.0,""valuation"":3.0}",2,
2026-08-25T19:34:12,DSFIR,1h,sell,2026-08-25T19:33,sell,1,91.7,EUR,64.64316904005454,103.0,0.12322791712104686,1,0,-301.20473077205617,1,1,clear,,0.1,10,,n/a,,,,,,,,,5,amber,0.7647,"{""earnings"":1.0,""growth"":1.5,""pattern"":1.0,""ruleone"":2.0,""valuation"":3.0}",2,
2026-08-25T20:00:45,BESI,1h,buy,2026-08-25T20:00,strong,1,199.2,EUR,30.887279439171323,265.0,0.3303212851405623,1,1,25.033679753656674,1,1,clear,,0.1,10,6,amber,20.0,0.0,26.937010545998476,-6.937010545998476,113.5583655080891,56.77918275404455,-0.4299278839955366,4,9,green,1.0,"{""earnings"":1.0,""growth"":1.5,""pattern"":1.0,""ruleone"":2.0,""valuation"":3.0}",2,
2026-08-25T20:00:45,GD,1h,buy,2026-08-25T20:00,signal,1,377.405,USD,31.528641455929062,407.0,0.0784170850942622,1,0,10.135098839707785,1,1,clear,,0.1,10,7,amber,10.135098839707785,9.126171105762538,14.049764836839426,-3.9146659971316407,215.79388932545018,107.89694466272509,-0.42821666558352384,3,6,amber,1.0,"{""earnings"":1.0,""growth"":1.5,""pattern"":1.0,""ruleone"":2.0,""valuation"":3.0}",2,
2026-08-25T20:00:45,CMI,1h,buy,2026-08-25T20:00,signal,1,573.896,USD,30.311236878104893,530.0,-0.07648772599913567,1,0,-7.964331234156232,1,0,clear,,0.1,10,2,red,0.0,0.0,16.850484610724592,-16.850484610724592,38.697062365025445,19.348531182512723,-0.9325712979964568,2,3,red,1.0,"{""earnings"":1.0,""growth"":1.5,""pattern"":1.0,""ruleone"":2.0,""valuation"":3.0}",2,
2026-08-25T20:00:45,DSFIR,1h,sell,2026-08-25T20:00,sell,1,91.7,EUR,64.64316904005454,103.0,0.12322791712104686,1,0,-301.20473077205617,1,1,clear,,0.1,10,,n/a,,,,,,,,,5,amber,0.7647,"{""earnings"":1.0,""growth"":1.5,""pattern"":1.0,""ruleone"":2.0,""valuation"":3.0}",2,
2026-08-25T20:00:45,UPS,1h,sell,2026-08-25T19:30,sell,1,105.5263,USD,69.38479399782503,109.0,0.03291786028696158,1,0,-20.137071836346333,1,1,clear,,0.1,10,3,red,0.0,0.0,12.374172045176646,-12.374172045176646,10.62281218252841,5.311406091264205,-0.8993349318366284,2,3,red,1.0,"{""earnings"":1.0,""growth"":1.5,""pattern"":1.0,""ruleone"":2.0,""valuation"":3.0}",2,
2026-08-25T20:00:46,HWM,4h,buy,2026-08-25T17:30,signal,1,265.13,USD,32.04305503066705,229.74,-0.1334816882284162,1,0,35.486981677917065,1,1,clear,,0.2,5,7,amber,20.0,18.080559513016446,24.919633174122275,-4.919633174122275,177.40437658983353,88.70218829491677,-0.3308777709431843,4,5,amber,1.0,"{""earnings"":1.0,""growth"":1.5,""pattern"":1.0,""ruleone"":2.0,""valuation"":3.0}",2,
2026-08-25T20:00:46,BA,4h,buy,2026-08-25T20:00,signal,1,211.57,USD,30.933229767430262,246.0,0.1627357375809425,1,0,,0,0,clear,,0.2,5,4,red,20.0,20.0,31.610327557675888,-11.610327557675888,84.01693736998953,42.00846868499477,-0.6028882290968023,2,5,amber,0.8235,"{""earnings"":1.0,""growth"":1.5,""pattern"":1.0,""ruleone"":2.0,""valuation"":3.0}",2,
2026-08-25T20:00:46,PATH,4h,sell,2026-08-25T19:59,sell,1,16.54,USD,68.67433400000024,15.19,-0.08162031438935911,1,0,,0,0,clear,,0.2,5,8,green,15.239640126352697,15.239640126352697,16.012012738889936,-0.7723726125372394,15.471229303572919,7.7356146517864595,-0.0646173335203797,3,4,red,0.8235,"{""earnings"":1.0,""growth"":1.5,""pattern"":1.0,""ruleone"":2.0,""valuation"":3.0}",2,
2026-08-25T20:47:49,BESI,1h,buy,2026-08-25T20:46,strong,1,199.2,EUR,30.887279439171323,265.0,0.3303212851405623,1,1,25.033679753656674,1,1,clear,,0.1,10,6,amber,20.0,0.0,26.937010545998476,-6.937010545998476,113.5583655080891,56.77918275404455,-0.4299278839955366,4,9,green,1.0,"{""earnings"":1.0,""growth"":1.5,""pattern"":1.0,""ruleone"":2.0,""valuation"":3.0}",2,
2026-08-25T20:47:49,DSFIR,1h,sell,2026-08-25T20:46,sell,1,91.7,EUR,64.64316904005454,103.0,0.12322791712104686,1,0,-301.20473077205617,1,1,clear,,0.1,10,,n/a,,,,,,,,,5,amber,0.7647,"{""earnings"":1.0,""growth"":1.5,""pattern"":1.0,""ruleone"":2.0,""valuation"":3.0}",2,
2026-08-25T20:47:50,HWM,4h,buy,2026-08-25T20:46,signal,1,264.04,USD,30.03805179679881,229.74,-0.1299045599151644,1,0,35.486981677917065,1,1,clear,,0.2,5,7,amber,20.0,18.080559513016446,24.86818107012055,-4.868181070120549,177.40437658983353,88.70218829491677,-0.32811552571643116,4,5,amber,1.0,"{""earnings"":1.0,""growth"":1.5,""pattern"":1.0,""ruleone"":2.0,""valuation"":3.0}",2,
2026-08-25T20:47:50,PATH,4h,sell,2026-08-25T20:46,sell,1,16.66,USD,69.81184128827772,15.19,-0.08823529411764709,1,0,,0,0,clear,,0.2,5,7,amber,15.239640126352697,15.239640126352697,16.095907529592857,-0.8562674032401603,15.471229303572919,7.7356146517864595,-0.07135478369910452,3,4,red,0.8235,"{""earnings"":1.0,""growth"":1.5,""pattern"":1.0,""ruleone"":2.0,""valuation"":3.0}",2,
2026-08-25T21:37:08,BESI,1h,buy,2026-08-25T21:36,strong,1,199.2,EUR,30.887279439171323,265.0,0.3303212851405623,1,1,25.033679753656674,1,1,clear,,0.1,10,6,amber,20.0,0.0,26.937010545998476,-6.937010545998476,113.5583655080891,56.77918275404455,-0.4299278839955366,4,9,green,1.0,"{""earnings"":1.0,""growth"":1.5,""pattern"":1.0,""ruleone"":2.0,""valuation"":3.0}",2,
2026-08-25T21:37:08,DSFIR,1h,sell,2026-08-25T21:36,sell,1,91.7,EUR,64.64316904005454,103.0,0.12322791712104686,1,0,-301.20473077205617,1,1,clear,,0.1,10,,n/a,,,,,,,,,5,amber,0.7647,"{""earnings"":1.0,""growth"":1.5,""pattern"":1.0,""ruleone"":2.0,""valuation"":3.0}",2,
2026-08-25T21:37:09,HWM,4h,buy,2026-08-25T21:36,signal,1,264.04,USD,30.03805179679881,229.74,-0.1299045599151644,1,0,35.486981677917065,1,1,clear,,0.2,5,7,amber,20.0,18.080559513016446,24.86818107012055,-4.868181070120549,177.40437658983353,88.70218829491677,-0.32811552571643116,4,5,amber,1.0,"{""earnings"":1.0,""growth"":1.5,""pattern"":1.0,""ruleone"":2.0,""valuation"":3.0}",2,
2026-08-25T21:37:09,PATH,4h,sell,2026-08-25T21:36,sell,1,16.66,USD,69.81184128827772,15.19,-0.08823529411764709,1,0,,0,0,clear,,0.2,5,7,amber,15.239640126352697,15.239640126352697,16.095907529592857,-0.8562674032401603,15.471229303572919,7.7356146517864595,-0.07135478369910452,3,4,red,0.8235,"{""earnings"":1.0,""growth"":1.5,""pattern"":1.0,""ruleone"":2.0,""valuation"":3.0}",2,
2026-08-26T03:59:28,BESI,1h,buy,2026-08-25T09:00,strong,0,199.2,EUR,30.887279439171323,265.0,0.3303212851405623,1,1,25.033679753656674,1,1,clear,,0.1,10,6,amber,20.0,0.0,26.937010545998476,-6.937010545998476,113.5583655080891,56.77918275404455,-0.4299278839955366,4,9,green,1.0,"{""earnings"":1.0,""growth"":1.5,""pattern"":1.0,""ruleone"":2.0,""valuation"":3.0}",2,
2026-08-26T03:59:28,BESI,1h,buy,2026-08-25T11:00,strong,0,199.2,EUR,30.887279439171323,265.0,0.3303212851405623,1,1,25.033679753656674,1,1,clear,,0.1,10,6,amber,20.0,0.0,26.937010545998476,-6.937010545998476,113.5583655080891,56.77918275404455,-0.4299278839955366,4,9,green,1.0,"{""earnings"":1.0,""growth"":1.5,""pattern"":1.0,""ruleone"":2.0,""valuation"":3.0}",2,
2026-08-26T03:59:28,BESI,1h,buy,2026-08-25T13:00,strong,0,199.2,EUR,30.887279439171323,265.0,0.3303212851405623,1,1,25.033679753656674,1,1,clear,,0.1,10,6,amber,20.0,0.0,26.937010545998476,-6.937010545998476,113.5583655080891,56.77918275404455,-0.4299278839955366,4,9,green,1.0,"{""earnings"":1.0,""growth"":1.5,""pattern"":1.0,""ruleone"":2.0,""valuation"":3.0}",2,
2026-08-26T03:59:28,NN,1h,sell,2026-08-25T10:00,sell,0,77.4,EUR,59.36891841160056,80.0,0.033591731266149796,1,0,44.62834595286338,1,0,clear,,0.1,10,10,green,20.0,0.0,8.743441114200877,11.256558885799123,296.3127412451616,148.1563706225808,2.8283299902475654,2,6,amber,1.0,"{""earnings"":1.0,""growth"":1.5,""pattern"":1.0,""ruleone"":2.0,""valuation"":3.0}",2,
2026-08-26T03:59:28,DSFIR,1h,sell,2026-08-25T13:00,sell,0,91.7,EUR,64.64316904005454,103.0,0.12322791712104686,1,0,-301.20473077205617,1,1,clear,,0.1,10,,n/a,,,,,,,,,5,amber,0.7647,"{""earnings"":1.0,""growth"":1.5,""pattern"":1.0,""ruleone"":2.0,""valuation"":3.0}",2,
2026-08-26T09:05:03,GLE,1h,buy,2026-08-26T08:00,signal,1,75.01,EUR,33.53453105043229,,,0,0,20.719406204402716,1,1,clear,,0.1,10,9,green,13.58100526512645,8.58100526512645,8.04604330723313,5.534961957893319,191.9479883408999,95.97399417044996,1.5603306434693867,2,7,green,0.6471,"{""earnings"":1.0,""growth"":1.5,""pattern"":1.0,""ruleone"":2.0,""valuation"":3.0}",2,
2026-08-26T09:05:03,EUZ,1h,buy,2026-08-26T08:00,signal,1,13.08,EUR,36.065238236102374,,,0,0,35.27098649341769,1,1,clear,,0.1,10,7,amber,9.420727632387928,4.420727632387928,10.646466097637031,-1.225738465249103,10.35397766806766,5.17698883403383,-0.20841149326699845,2,8,green,0.6471,"{""earnings"":1.0,""growth"":1.5,""pattern"":1.0,""ruleone"":2.0,""valuation"":3.0}",2,
2026-08-26T09:05:03,SESG,1h,buy,2026-08-25T09:00,signal,0,4.886,EUR,45.35725071813897,,,0,0,-490.5334335086402,1,0,clear,,0.1,10,,n/a,,,,,,,,,6,amber,0.4118,"{""earnings"":1.0,""growth"":1.5,""pattern"":1.0,""ruleone"":2.0,""valuation"":3.0}",2,
2026-08-26T09:05:04,EKT,4h,buy,2026-08-25T07:00,signal,0,26.9,EUR,43.93400778290683,,,0,0,-67.05190673700318,1,0,clear,,0.2,5,7,amber,20.0,0.0,16.633746945554314,3.3662530544456857,35.753821010012125,17.876910505006062,0.3291383275097445,1,6,amber,0.6471,"{""earnings"":1.0,""growth"":1.5,""pattern"":1.0,""ruleone"":2.0,""valuation"":3.0}",2,
2026-08-26T09:05:04,ARYN,4h,buy,2026-08-24T07:00,signal,0,41.65,CHF,33.77753606064201,,,0,0,-1.4926123228465202,1,0,clear,,0.2,5,3,red,0.0,0.0,8.026723924902011,-8.026723924902011,9.590132657743688,4.795066328871844,-0.7697447140997914,0,5,amber,0.6471,"{""earnings"":1.0,""growth"":1.5,""pattern"":1.0,""ruleone"":2.0,""valuation"":3.0}",2,
2026-08-26T09:05:04,SPIE,4h,buy,2026-08-25T07:00,signal,0,44.9,EUR,34.47864559446144,,,0,0,48.03635454014842,1,1,clear,,0.2,5,3,red,3.057754895285692,0.0,13.613505476816044,-10.555750581530353,5.418804608308366,2.709402304154183,-0.8793139285454707,1,7,amber,0.6471,"{""earnings"":1.0,""growth"":1.5,""pattern"":1.0,""ruleone"":2.0,""valuation"":3.0}",2,
2026-08-26T09:05:04,HUBN,4h,buy,2026-08-26T07:00,signal,1,166.6,CHF,31.122929367475507,,,0,0,-0.567451010062797,1,0,clear,,0.2,5,1,red,0.0,0.0,18.645859479635718,-18.645859479635718,9.64493061997354,4.82246530998677,-0.9421072591838323,1,3,red,0.6471,"{""earnings"":1.0,""growth"":1.5,""pattern"":1.0,""ruleone"":2.0,""valuation"":3.0}",2,
2026-08-26T09:05:04,MOZN,1d,buy,2026-08-20,signal,0,13.06,CHF,34.68195654584994,,,0,0,-333.0222757375076,1,0,clear,,0.3,2,,n/a,,,,,,,,,4,red,0.4118,"{""earnings"":1.0,""growth"":1.5,""pattern"":1.0,""ruleone"":2.0,""valuation"":3.0}",2,
2026-08-26T09:05:04,MOZN,1d,buy,2026-08-26,signal,1,13.06,CHF,34.68195654584994,,,0,0,-333.0222757375076,1,0,clear,,0.3,2,,n/a,,,,,,,,,4,red,0.4118,"{""earnings"":1.0,""growth"":1.5,""pattern"":1.0,""ruleone"":2.0,""valuation"":3.0}",2,
2026-08-26T09:05:04,CTPNV,1d,buy,2026-08-18,signal,0,14.36,EUR,33.36648218798693,,,0,0,-53.59569079872975,1,0,clear,,0.3,2,4,red,0.0,0.0,9.166043386109411,-9.166043386109411,2.60709479410122,1.30354739705061,-0.8184474377366838,1,4,red,0.6471,"{""earnings"":1.0,""growth"":1.5,""pattern"":1.0,""ruleone"":2.0,""valuation"":3.0}",2,
2026-08-26T09:05:04,SAP,1d,sell,2026-08-26,sell,1,178.18,EUR,58.77741957730961,,,0,0,,0,0,clear,,0.3,2,7,amber,11.419973250111457,6.4199732501114575,13.982439595277171,-2.5624663451657135,129.67762449249602,64.83881224624801,-0.2722099871338196,3,7,amber,0.6471,"{""earnings"":1.0,""growth"":1.5,""pattern"":1.0,""ruleone"":2.0,""valuation"":3.0}",2,
2026-08-26T09:05:05,ACS,1w,sell,2026-06-21,sell,0,105.0,EUR,41.44318606540462,,,0,0,,0,0,clear,,0.5,1,8,green,14.271562132375701,10.458892494446427,14.386313306653445,-0.11475117427774428,103.95139328027479,51.97569664013739,-0.009986730664049656,3,6,amber,0.6471,"{""earnings"":1.0,""growth"":1.5,""pattern"":1.0,""ruleone"":2.0,""valuation"":3.0}",2,
2026-08-26T09:26:02,CURY,1h,buy,2026-08-25T09:00,signal,0,148.4,GBX,42.634870059865946,,,0,0,51.886792452830186,1,1,clear,,0.1,10,1,red,11.29450953365495,6.29450953365495,60.0,-48.705490466345054,3.209160044037622,1.604580022018811,-0.9783749323178058,1,7,amber,0.6471,"{""earnings"":1.0,""growth"":1.5,""pattern"":1.0,""ruleone"":2.0,""valuation"":3.0}",2,
2026-08-26T09:26:02,AMBUB,1h,sell,2026-08-25T09:00,suspended,0,65.0,DKK,15.02030057270116,,,0,0,28.670170638634886,1,0,after,,0.1,10,1,red,9.628042509427495,4.628042509427495,43.95893181216596,-34.33088930273846,3.288814776225949,1.6444073881129746,-0.9494805717937642,1,5,amber,0.6471,"{""earnings"":1.0,""growth"":1.5,""pattern"":1.0,""ruleone"":2.0,""valuation"":3.0}",2,
2026-08-26T09:26:03,TRN,4h,buy,2026-08-25T07:00,signal,0,197.3,GBX,35.488368069516184,,,0,0,51.10584518167458,1,1,clear,,0.2,5,1,red,7.395186554925978,2.3951865549259774,60.0,-52.60481344507402,1.923930218081372,0.961965109040686,-0.9902487064466226,2,5,amber,0.6471,"{""earnings"":1.0,""growth"":1.5,""pattern"":1.0,""ruleone"":2.0,""valuation"":3.0}",2,
2026-08-26T09:26:03,BNTX,4h,sell,2026-08-25T17:30,sell,0,114.11,USD,69.99963600689127,,,0,0,-390.40119985001877,1,1,clear,,0.2,5,,n/a,,,,,,,,,4,red,0.4118,"{""earnings"":1.0,""growth"":1.5,""pattern"":1.0,""ruleone"":2.0,""valuation"":3.0}",2,
2026-08-26T09:26:04,CURY,1d,buy,2026-08-26,signal,1,148.4,GBX,30.258573299550875,,,0,0,51.886792452830186,1,1,clear,,0.3,2,1,red,11.29450953365495,6.29450953365495,60.0,-48.705490466345054,3.209160044037622,1.604580022018811,-0.9783749323178058,1,6,amber,0.6471,"{""earnings"":1.0,""growth"":1.5,""pattern"":1.0,""ruleone"":2.0,""valuation"":3.0}",2,
2026-08-26T09:26:04,TRN,1d,buy,2026-08-25,signal,1,197.3,GBX,32.82515666286493,,,0,0,51.10584518167458,1,1,clear,,0.3,2,1,red,7.395186554925978,2.3951865549259774,60.0,-52.60481344507402,1.923930218081372,0.961965109040686,-0.9902487064466226,2,5,amber,0.6471,"{""earnings"":1.0,""growth"":1.5,""pattern"":1.0,""ruleone"":2.0,""valuation"":3.0}",2,
2026-08-26T09:26:04,CHG,1d,sell,2026-08-12,sell,0,550.448,GBX,33.48085933284685,,,0,0,-21.79732313575526,1,1,clear,,0.3,2,1,red,0.0,0.0,60.0,-60.0,0.3300827048427557,0.16504135242137785,-0.9994003380794503,0,3,red,0.6471,"{""earnings"":1.0,""growth"":1.5,""pattern"":1.0,""ruleone"":2.0,""valuation"":3.0}",2,
2026-08-26T09:26:04,AMBUB,1d,sell,2026-08-26,suspended,1,65.1,DKK,32.55186739940358,,,0,0,28.670170638634886,1,0,after,,0.3,2,1,red,9.628042509427495,4.628042509427495,43.95893181216596,-34.33088930273846,3.288814776225949,1.6444073881129746,-0.9494805717937642,1,3,red,0.6471,"{""earnings"":1.0,""growth"":1.5,""pattern"":1.0,""ruleone"":2.0,""valuation"":3.0}",2,
2026-08-26T09:26:04,RPI,1w,sell,2026-06-07,sell,0,580.0,GBX,46.54031607000116,,,0,0,74.3157894736842,1,0,clear,,0.5,1,1,red,20.0,20.0,60.0,-40.0,4.26811857749229,2.134059288746145,-0.9926411748663927,2,5,amber,0.6471,"{""earnings"":1.0,""growth"":1.5,""pattern"":1.0,""ruleone"":2.0,""valuation"":3.0}",2,
2026-08-26T09:39:42,BESI,1h,buy,2026-08-26T09:39,strong,1,197.35,EUR,30.038396686788644,265.0,0.3427919939194325,1,1,25.033679753656674,1,1,clear,,0.1,10,6,amber,20.0,0.0,26.81862665983671,-6.81862665983671,113.5583655080891,56.77918275404455,-0.42458390925721257,4,8,green,1.0,"{""earnings"":1.0,""growth"":1.5,""pattern"":1.0,""ruleone"":2.0,""valuation"":3.0}",2,
2026-08-26T09:39:42,MLP,1h,sell,2026-08-26T09:39,sell,1,9.43,EUR,68.95961792693784,9.37,-0.006362672322375451,1,0,15.731370745170198,1,0,clear,,0.1,10,4,red,3.693555915647437,0.0,10.123375973545752,-6.429820057898315,2.041591400512966,1.020795700256483,-0.7835003817059422,1,4,red,1.0,"{""earnings"":1.0,""growth"":1.5,""pattern"":1.0,""ruleone"":2.0,""valuation"":3.0}",2,
2026-08-26T10:33:45,BESI,1h,buy,2026-08-26T10:33,strong,1,198.0,EUR,32.5145124519338,265.0,0.3383838383838384,1,1,25.033679753656674,1,1,clear,,0.1,10,6,amber,20.0,0.0,26.86033438002474,-6.860334380024739,113.5583655080891,56.77918275404455,-0.4264729014742975,4,8,green,1.0,"{""earnings"":1.0,""growth"":1.5,""pattern"":1.0,""ruleone"":2.0,""valuation"":3.0}",2,
2026-08-26T10:33:46,RPI,4h,buy,2026-08-25T15:00,signal,0,590.0,GBX,34.01114138905048,,,0,0,74.3157894736842,1,1,clear,,0.2,5,1,red,20.0,20.0,60.0,-40.0,4.26811857749229,2.134059288746145,-0.9927659007161148,2,6,amber,0.6471,"{""earnings"":1.0,""growth"":1.5,""pattern"":1.0,""ruleone"":2.0,""valuation"":3.0}",2,
2026-08-26T10:33:46,RPI,4h,buy,2026-08-26T09:10,signal,1,590.0,GBX,34.01114138905048,,,0,0,74.3157894736842,1,1,clear,,0.2,5,1,red,20.0,20.0,60.0,-40.0,4.26811857749229,2.134059288746145,-0.9927659007161148,2,6,amber,0.6471,"{""earnings"":1.0,""growth"":1.5,""pattern"":1.0,""ruleone"":2.0,""valuation"":3.0}",2,
2026-08-26T10:33:46,RPI,4h,buy,2026-08-26T10:33,signal,1,590.0,GBX,34.01114138905048,,,0,0,74.3157894736842,1,1,clear,,0.2,5,1,red,20.0,20.0,60.0,-40.0,4.26811857749229,2.134059288746145,-0.9927659007161148,2,6,amber,0.6471,"{""earnings"":1.0,""growth"":1.5,""pattern"":1.0,""ruleone"":2.0,""valuation"":3.0}",2,
2026-08-26T10:33:46,FLOW,4h,sell,2026-08-26T10:33,sell,1,28.94,EUR,67.06266337982669,29.79,0.029371112646855487,1,0,-28.783664931422187,1,1,clear,,0.2,5,5,amber,0.0,0.0,7.956565147806993,-7.956565147806993,6.766160778869763,3.3830803894348813,-0.7662003877377414,2,3,red,1.0,"{""earnings"":1.0,""growth"":1.5,""pattern"":1.0,""ruleone"":2.0,""valuation"":3.0}",2,
2026-08-26T11:28:21,BESI,1h,buy,2026-08-26T11:27,strong,1,197.5,EUR,31.65085426518519,265.0,0.34177215189873417,1,1,25.033679753656674,1,1,clear,,0.1,10,6,amber,20.0,0.0,26.828262479814654,-6.828262479814654,113.5583655080891,56.77918275404455,-0.42502093413625774,4,8,green,1.0,"{""earnings"":1.0,""growth"":1.5,""pattern"":1.0,""ruleone"":2.0,""valuation"":3.0}",2,
2026-08-26T11:28:22,RPI,4h,buy,2026-08-26T11:27,signal,1,585.0,GBX,31.796019654319252,,,0,0,74.3157894736842,1,1,clear,,0.2,5,1,red,20.0,20.0,60.0,-40.0,4.26811857749229,2.134059288746145,-0.9926853152056688,2,6,amber,0.6471,"{""earnings"":1.0,""growth"":1.5,""pattern"":1.0,""ruleone"":2.0,""valuation"":3.0}",2,
2026-08-26T11:28:22,HUBN,4h,buy,2026-08-26T11:27,signal,1,167.8,CHF,33.83852910922462,152.97,-0.08837902264600722,1,0,-0.567451010062797,1,0,clear,,0.2,5,1,red,0.0,0.0,18.731042940583748,-18.731042940583748,9.64493061997354,4.82246530998677,-0.942521271633054,1,2,red,1.0,"{""earnings"":1.0,""growth"":1.5,""pattern"":1.0,""ruleone"":2.0,""valuation"":3.0}",2,
2026-08-26T11:28:22,FLOW,4h,sell,2026-08-26T11:27,sell,1,28.98,EUR,67.95841659069858,29.79,0.027950310559006167,1,0,-28.783664931422187,1,1,clear,,0.2,5,5,amber,0.0,0.0,7.962893465097881,-7.962893465097881,6.766160778869763,3.3830803894348813,-0.7665230925165712,2,3,red,1.0,"{""earnings"":1.0,""growth"":1.5,""pattern"":1.0,""ruleone"":2.0,""valuation"":3.0}",2,
2026-08-26T11:58:17,BESI,1h,buy,2026-08-26T11:57,strong,1,197.3,EUR,31.308421791933227,265.0,0.3431322858590977,1,1,25.033679753656674,1,1,clear,,0.1,10,6,amber,20.0,0.0,26.815413255031707,-6.815413255031707,113.5583655080891,56.77918275404455,-0.4244380866290467,4,8,green,1.0,"{""earnings"":1.0,""growth"":1.5,""pattern"":1.0,""ruleone"":2.0,""valuation"":3.0}",2,
2026-08-26T11:58:18,RPI,4h,buy,2026-08-26T11:57,signal,1,582.5,GBX,30.98423233110158,,,0,0,74.3157894736842,1,1,clear,,0.2,5,1,red,20.0,20.0,60.0,-40.0,4.26811857749229,2.134059288746145,-0.9926727578068802,2,6,amber,0.6471,"{""earnings"":1.0,""growth"":1.5,""pattern"":1.0,""ruleone"":2.0,""valuation"":3.0}",2,
2026-08-26T11:58:18,BKW,4h,buy,2026-08-26T11:57,signal,1,125.1,CHF,32.00019692310822,140.43,0.12254196642685862,1,0,-19.06539694209274,1,0,clear,,0.2,5,2,red,0.0,0.0,10.600321449915239,-10.600321449915239,17.23591619136751,8.617958095683756,-0.8622228921553357,0,4,red,1.0,"{""earnings"":1.0,""growth"":1.5,""pattern"":1.0,""ruleone"":2.0,""valuation"":3.0}",2,
2026-08-26T11:58:18,HUBN,4h,buy,2026-08-26T11:57,signal,1,167.4,CHF,33.139827031109476,152.97,-0.08620071684587817,1,0,-0.567451010062797,1,0,clear,,0.2,5,1,red,0.0,0.0,18.702709543917898,-18.702709543917898,9.64493061997354,4.82246530998677,-0.9423839270013529,1,2,red,1.0,"{""earnings"":1.0,""growth"":1.5,""pattern"":1.0,""ruleone"":2.0,""valuation"":3.0}",2,
2026-08-26T11:58:18,FLOW,4h,sell,2026-08-26T11:57,sell,1,29.04,EUR,68.83795317127617,29.79,0.025826446280991736,1,0,-28.783664931422187,1,1,clear,,0.2,5,5,amber,0.0,0.0,7.972375291456903,-7.972375291456903,6.766160778869763,3.3830803894348813,-0.7670054828212892,2,3,red,1.0,"{""earnings"":1.0,""growth"":1.5,""pattern"":1.0,""ruleone"":2.0,""valuation"":3.0}",2,
2026-08-26T13:01:25,RPI,4h,buy,2026-08-26T13:00,signal,1,579.749,GBX,30.13753570728892,,,0,0,74.3157894736842,1,1,clear,,0.2,5,1,red,20.0,20.0,60.0,-40.0,4.26811857749229,2.134059288746145,-0.9926379888926203,2,6,amber,0.6471,"{""earnings"":1.0,""growth"":1.5,""pattern"":1.0,""ruleone"":2.0,""valuation"":3.0}",2,
2026-08-26T13:01:25,BKW,4h,buy,2026-08-26T13:00,signal,1,125.1,CHF,32.00019692310822,140.43,0.12254196642685862,1,0,-19.06539694209274,1,0,clear,,0.2,5,2,red,0.0,0.0,10.600321449915239,-10.600321449915239,17.23591619136751,8.617958095683756,-0.8622228921553357,0,4,red,1.0,"{""earnings"":1.0,""growth"":1.5,""pattern"":1.0,""ruleone"":2.0,""valuation"":3.0}",2,
2026-08-26T13:01:25,HUBN,4h,buy,2026-08-26T13:00,signal,1,168.2,CHF,34.750330699949956,152.97,-0.09054696789536261,1,0,-0.567451010062797,1,0,clear,,0.2,5,1,red,0.0,0.0,18.759315615539393,-18.759315615539393,9.64493061997354,4.82246530998677,-0.9426579630203714,1,2,red,1.0,"{""earnings"":1.0,""growth"":1.5,""pattern"":1.0,""ruleone"":2.0,""valuation"":3.0}",2,
2026-08-26T13:01:25,FLOW,4h,sell,2026-08-26T13:00,sell,1,28.96,EUR,67.65409979773165,29.79,0.02866022099447508,1,0,-28.783664931422187,1,1,clear,,0.2,5,5,amber,0.0,0.0,7.9597300173636185,-7.9597300173636185,6.766160778869763,3.3830803894348813,-0.7663618515583647,2,3,red,1.0,"{""earnings"":1.0,""growth"":1.5,""pattern"":1.0,""ruleone"":2.0,""valuation"":3.0}",2,
